sess;hiactype;parts;
"1424664435";"'PaC'";"[('s', 671363.53689729888, 2),('e', 671363.5691509766, 'ld'),]";
"1424664435";"'PaC'";"[('s', 671366.40084862569, 13),('e', 671366.55282891623, 'ld'),]";
"1424664435";"'PaC'";"[('s', 671366.91279220686, 14),('e', 671367.416834982, 'ld'),]";
"1424664435";"'PaC'";"[('s', 671369.20882290183, 19),('e', 671369.26483758551, 'ld'),]";
"1424664435";"'PaC'";"[('s', 671369.59281191288, 20),('e', 671369.76880937093, 'ld'),]";
"1424664435";"'PaC'";"[('s', 671370.65677316114, 25),('e', 671370.81678939471, 'ld'),]";
"1424664435";"'PaC'";"[('s', 671371.14477826213, 26),('e', 671371.35295242106, 'ld'),]";
"1424664435";"'PaC'";"[('s', 671374.02474630822, 30),('e', 671374.5606360673, 'ld'),]";
"1424664435";"'PaC'";"[('s', 671374.81674363627, 32),('e', 671375.00073940423, 'ld'),]";
"1424664435";"'PaC'";"[('s', 674673.26785336272, 38),('e', 674673.33985867933, 'ld'),]";
"1424664435";"'PaC'";"[('s', 674674.3478415939, 39),('e', 674674.60395343939, 'ld'),]";
"1424664435";"'PaC'";"[('s', 674678.77977000212, 46),('e', 674678.90793754114, 'ld'),]";
"1424664435";"'PaC'";"[('s', 674680.61154163431, 49),('e', 674680.93959935324, 'ld'),]";
"1424664435";"'PaC'";"[('s', 674689.17944986443, 58),('e', 674689.35554183275, 'ld'),]";
"1424664435";"'PaC'";"[('s', 674699.81144549896, 77),('e', 674700.0353622546, 'ld'),]";
"1424664435";"'PaC'";"[('s', 674713.77929531224, 81),('e', 674713.9232204156, 'ld'),]";
"1424664435";"'PaC'";"[('s', 674717.23518957011, 86),('e', 674718.08338204958, 'ld'),]";
"1424664435";"'PaC'";"[('s', 674760.37866735319, 120),('e', 674760.51467582746, 'ld'),]";
"1424664435";"'PaC'";"[('s', 674769.06643305649, 132),('e', 674769.22646938951, 'ld'),]";
"1424664435";"'PaC'";"[('s', 674769.7464480584, 133),('e', 674770.0184752706, 'ld'),]";
"1424664435";"'PaC'";"[('s', 674784.21034832404, 147),('e', 674784.26652551419, 'ld'),]";
"1424664435";"'PaC'";"[('s', 674798.05016487988, 158),('e', 674798.08218463382, 'ld'),]";
"1424664435";"'PaC'";"[('s', 674810.56198016647, 184),('e', 674810.84214895079, 'ld'),]";
"1424664435";"'PaC'";"[('s', 674822.51094031776, 193),('e', 674823.30582641147, 'ld'),]";
"1424664435";"'PaC'";"[('s', 674830.95371175383, 199),('e', 674831.07370778522, 'ld'),]";
"1424664435";"'PaC'";"[('s', 674833.26557356864, 203),('e', 674833.3456297958, 'ld'),]";
"1424664435";"'PaC'";"[('s', 674835.36164138338, 206),('e', 674835.59365908464, 'ld'),]";
"1424664435";"'PaC'";"[('s', 674836.98556258657, 209),('e', 674837.14563184849, 'ld'),]";
"1424664435";"'PaC'";"[('s', 674838.28158857732, 211),('e', 674838.61759970302, 'ld'),]";
"1424664435";"'PaC'";"[('s', 674839.41759063688, 216),('e', 674839.65757799556, 'ld'),]";
"1424664435";"'PaC'";"[('s', 674841.67356392427, 218),('e', 674841.75356797839, 'ld'),]";
"1424664435";"'PaC'";"[('s', 674861.97727732453, 223),('e', 674862.16928765306, 'ld'),]";
"1424664435";"'PaC'";"[('s', 674929.4003683764, 230),('e', 674929.56827215897, 'ld'),]";
"1424664435";"'PaC'";"[('s', 674931.68833490356, 233),('e', 674931.84033358295, 'ld'),]";
"1424664435";"'PaC'";"[('s', 674942.65610816772, 238),('e', 674943.04022974987, 'ld'),]";
"1424664435";"'PaC'";"[('s', 674945.48028989439, 243),('e', 674945.53598042054, 'ld'),]";
"1424664435";"'PaC'";"[('s', 675058.37446271314, 265),('e', 675058.93460912281, 'ld'),]";
"1424664435";"'PaC'";"[('s', 675062.68648660672, 269),('e', 675062.77451206371, 'ld'),]";
"1424664435";"'PaC'";"[('s', 675073.40626479394, 280),('e', 675073.5263450722, 'ld'),]";
"1424664435";"'PaC'";"[('s', 675100.20605088421, 319),('e', 675100.26205787028, 'ld'),]";
"1424664435";"'PaC'";"[('s', 675118.11778637161, 329),('e', 675118.20581867103, 'ld'),]";
"1424664435";"'PaC'";"[('s', 675123.39773791051, 337),('e', 675123.48574027454, 'ld'),]";
"1424664435";"'PaC'";"[('s', 675124.20572073956, 338),('e', 675124.4378047263, 'ld'),]";
"1424664435";"'PaC'";"[('s', 675596.99128623412, 341),('e', 675597.25529332622, 'ld'),]";
"1424664435";"'PaC'";"[('s', 675721.13357857545, 346),('e', 675721.22150310746, 'ld'),]";
"1424664435";"'PaC'";"[('s', 675722.45347633329, 351),('e', 675722.56558096688, 'ld'),]";
"1424664435";"'PaC'";"[('s', 675725.26153314556, 354),('e', 675725.31754483574, 'ld'),]";
"1424664435";"'PaC'";"[('s', 675729.10142625053, 360),('e', 675729.14140539838, 'ld'),]";
"1424664435";"'PaC'";"[('s', 675730.63733739196, 366),('e', 675730.98947257688, 'ld'),]";
"1424664435";"'PaC'";"[('s', 675735.73330128822, 371),('e', 675735.92543093069, 'ld'),]";
"1424664435";"'PaC'";"[('s', 675741.57320166321, 394),('e', 675741.86937177146, 'ld'),]";
"1424664435";"'PaC'";"[('s', 675748.30910134374, 400),('e', 675748.38111264736, 'ld'),]";
"1424664435";"'PaC'";"[('s', 675757.4451367599, 431),('e', 675757.69310361193, 'ld'),]";
"1424664435";"'PaC'";"[('s', 675912.03487858421, 460),('e', 675912.15499991656, 'ld'),]";
"1424664435";"'PaC'";"[('s', 675961.76214104786, 495),('e', 675961.79428268166, 'ld'),]";
"1424664435";"'PaC'";"[('s', 675962.5543043036, 497),('e', 675962.82632167975, 'ld'),]";
"1424664435";"'PaC'";"[('s', 675972.72217088065, 499),('e', 675973.11417530768, 'ld'),]";
"1424664435";"'PaC'";"[('s', 675995.73785873828, 508),('e', 675995.88182617887, 'ld'),]";
"1424664435";"'PaC'";"[('s', 676007.12168139417, 527),('e', 676007.57771036134, 'ld'),]";
"1424664435";"'PaC'";"[('s', 676081.11270890094, 538),('e', 676081.2567028557, 'ld'),]";
"1424664435";"'PaC'";"[('s', 676190.45516597247, 562),('e', 676190.7672035509, 'ld'),]";
"1424664435";"'PaC'";"[('s', 676191.71106527664, 565),('e', 676191.85507633735, 'ld'),]";
"1424664435";"'PaC'";"[('s', 676216.32685388834, 575),('e', 676216.38286344032, 'ld'),]";
"1424664435";"'PaC'";"[('s', 676277.16603367566, 587),('e', 676277.24603559147, 'ld'),]";
"1424664435";"'PaC'";"[('s', 676312.16538065637, 602),('e', 676312.3655603542, 'ld'),]";
"1424664435";"'PaC'";"[('s', 676317.34137255501, 616),('e', 676317.60540787189, 'ld'),]";
"1424664435";"'PaC'";"[('s', 676642.61705872766, 645),('e', 676642.91303639417, 'ld'),]";
"1424664435";"'PaC'";"[('s', 676657.83269920188, 663),('e', 676658.67282067111, 'ld'),]";
"1424664435";"'PaC'";"[('s', 676661.6488013654, 667),('e', 676661.88880411943, 'ld'),]";
"1424664435";"'PaC'";"[('s', 676692.02422799822, 677),('e', 676692.19239563984, 'ld'),]";
"1424664435";"'PaC'";"[('s', 676693.47234204691, 679),('e', 676693.736374798, 'ld'),]";
"1424664435";"'PaC'";"[('s', 676695.23219731357, 681),('e', 676695.67234170483, 'ld'),]";
"1424664435";"'PaC'";"[('s', 676696.46432107163, 684),('e', 676696.73631877603, 'ld'),]";
"1424664435";"'PaC'";"[('s', 676742.56754216296, 695),('e', 676742.99165144598, 'ld'),]";
"1424664435";"'PaC'";"[('s', 676745.15996926324, 698),('e', 676745.26362178079, 'ld'),]";
"1424664435";"'PaC'";"[('s', 676753.07143782696, 703),('e', 676753.27953287098, 'ld'),]";
"1424664435";"'PaC'";"[('s', 676767.21518930502, 717),('e', 676767.29523697926, 'ld'),]";
"1424664435";"'PaC'";"[('s', 676769.28718863451, 721),('e', 676769.40720391006, 'ld'),]";
"1424664435";"'PaC'";"[('s', 676778.94298290822, 732),('e', 676779.02323029423, 'ld'),]";
"1424664435";"'PaC'";"[('s', 676839.01424411626, 765),('e', 676839.31838516507, 'ld'),]";
"1424664435";"'PaC'";"[('s', 676897.34960008448, 769),('e', 676897.46159737837, 'ld'),]";
"1424664435";"'PaC'";"[('s', 677294.76818201062, 772),('e', 677294.8561967765, 'ld'),]";
"1424664435";"'PaC'";"[('s', 677298.37614037818, 781),('e', 677298.63212820562, 'ld'),]";
"1424664435";"'PaC'";"[('s', 677305.48003373295, 784),('e', 677305.78403665114, 'ld'),]";
"1424664435";"'PaC'";"[('s', 677651.65932665032, 823),('e', 677652.13132016372, 'ld'),]";
"1424664435";"'PaC'";"[('s', 677657.30708669161, 837),('e', 677657.5471403359, 'ld'),]";
"1424664435";"'PaC'";"[('s', 677659.99504227086, 841),('e', 677660.10709344852, 'ld'),]";
"1424664435";"'PaC'";"[('s', 677661.32308331144, 842),('e', 677661.64304436126, 'ld'),]";
"1424664435";"'PaC'";"[('s', 677663.3871172599, 845),('e', 677663.67503417982, 'ld'),]";
"1424664435";"'PaC'";"[('s', 677665.82699094969, 846),('e', 677666.69912704115, 'ld'),]";
"1424664435";"'PaC'";"[('s', 677668.01105727965, 851),('e', 677668.09917767474, 'ld'),]";
"1424664435";"'PaC'";"[('s', 677668.46693314868, 853),('e', 677668.52294355596, 'ld'),]";
"1424664435";"'PaC'";"[('s', 677670.95490745897, 855),('e', 677671.10690870427, 'ld'),]";
"1424664435";"'PaC'";"[('s', 677708.7145424867, 869),('e', 677708.77061618585, 'ld'),]";
"1424664435";"'PaC'";"[('s', 677716.53843555064, 876),('e', 677716.75450153509, 'ld'),]";
"1424664435";"'PaC'";"[('s', 677738.40214739414, 893),('e', 677738.65815916995, 'ld'),]";
"1424664435";"'PaC'";"[('s', 677740.57811919332, 896),('e', 677740.77014149609, 'ld'),]";
"1424664435";"'PaC'";"[('s', 677822.52081044519, 918),('e', 677822.66501138185, 'ld'),]";
"1424664435";"'PaC'";"[('s', 677915.2156648502, 940),('e', 677915.73574059526, 'ld'),]";
"1424664435";"'PaC'";"[('s', 677919.33562025498, 944),('e', 677919.94362908509, 'ld'),]";
"1424664435";"'PaC'";"[('s', 678070.11745066755, 957),('e', 678070.24550616264, 'ld'),]";
"1424664435";"'PaC'";"[('s', 678075.9895516918, 961),('e', 678076.38156338886, 'ld'),]";
"1424664435";"'PaC'";"[('s', 678087.05340388964, 964),('e', 678087.13341649668, 'ld'),]";
"1424664435";"'PaC'";"[('s', 678103.06118067761, 983),('e', 678103.22918367456, 'ld'),]";
"1424664435";"'PaC'";"[('s', 678108.52492399618, 989),('e', 678108.63711843593, 'ld'),]";
"1424664435";"'PaC'";"[('s', 678136.78869801981, 996),('e', 678136.9007308085, 'ld'),]";
"1424664435";"'PaC'";"[('s', 678144.30848638515, 1003),('e', 678144.48463523085, 'ld'),]";
"1424664435";"'PaC'";"[('s', 678146.9644671136, 1005),('e', 678147.11652138736, 'ld'),]";
"1424664435";"'PaC'";"[('s', 678149.94054531166, 1007),('e', 678150.6045444496, 'ld'),]";
"1424664435";"'PaC'";"[('s', 678156.54845236149, 1012),('e', 678156.74846142763, 'ld'),]";
"1424664435";"'PaC'";"[('s', 678712.4928888469, 1041),('e', 678712.69288764952, 'ld'),]";
"1424664435";"'PaC'";"[('s', 678743.04435399198, 1053),('e', 678743.07660253788, 'ld'),]";
"1424664435";"'PaC'";"[('s', 678765.36417904962, 1063),('e', 678765.53210421454, 'ld'),]";
"1424664435";"'PaC'";"[('s', 679637.64060213161, 1086),('e', 679638.62411749386, 'ld'),]";
"1424664435";"'PaC'";"[('s', 679689.88749893627, 1095),('e', 679690.11154355877, 'ld'),]";
"1424664435";"'PaC'";"[('s', 679701.87142705021, 1110),('e', 679701.9754350147, 'ld'),]";
"1424664435";"'PaC'";"[('s', 679703.86339239019, 1112),('e', 679704.13540591754, 'ld'),]";
"1424664435";"'PaC'";"[('s', 684461.92663561658, 1140),('e', 684462.0866757984, 'ld'),]";
"1424664435";"'PaC'";"[('s', 684463.07864284888, 1144),('e', 684463.30269645213, 'ld'),]";
"1424664435";"'PaC'";"[('s', 684472.40650470473, 1150),('e', 684472.51055073005, 'ld'),]";
"1424664435";"'PaC'";"[('s', 684476.66227443144, 1156),('e', 684477.13430899917, 'ld'),]";
"1424664435";"'PaC'";"[('s', 684548.82946617925, 1180),('e', 684549.13348363747, 'ld'),]";
"1424664435";"'PaC'";"[('s', 684562.10129795596, 1184),('e', 684562.22930512682, 'ld'),]";
"1424664435";"'PaC'";"[('s', 684577.6610855686, 1188),('e', 684577.74109133333, 'ld'),]";
"1424664435";"'PaC'";"[('s', 688020.73423484492, 1208),('e', 688020.82212944154, 'ld'),]";
"1424664435";"'PaC'";"[('s', 688022.13402504055, 1212),('e', 688022.1981265574, 'ld'),]";
"1424664435";"'PaC'";"[('s', 688024.59010831907, 1214),('e', 688025.05415911693, 'ld'),]";
"1424664435";"'PaC'";"[('s', 688027.32600201247, 1219),('e', 688027.57415702997, 'ld'),]";
"1424664435";"'PaC'";"[('s', 688113.02080381673, 1225),('e', 688113.21281328995, 'ld'),]";
"1424664435";"'PaC'";"[('s', 688115.90893225151, 1229),('e', 688116.14077205095, 'ld'),]";
"1424664435";"'PaC'";"[('s', 688118.47678445955, 1231),('e', 688118.86891333235, 'ld'),]";
"1424664435";"'PaC'";"[('s', 688149.628492338, 1237),('e', 688149.9483426268, 'ld'),]";
"1424664435";"'PaC'";"[('s', 688158.19635566499, 1246),('e', 688158.40436090284, 'ld'),]";
"1424664435";"'PaC'";"[('s', 688185.17992754781, 1254),('e', 688185.2278459901, 'ld'),]";
"1424664435";"'PaC'";"[('s', 688186.56398156146, 1256),('e', 688186.73198883492, 'ld'),]";
"1424664435";"'PaC'";"[('s', 688256.91502795322, 1270),('e', 688257.13102594158, 'ld'),]";
"1424664435";"'PaC'";"[('s', 688633.10174442106, 1285),('e', 688633.46190058114, 'ld'),]";
"1424664435";"'PaC'";"[('s', 688650.26968327072, 1294),('e', 688650.30172825593, 'ld'),]";
"1424664435";"'PaC'";"[('s', 688698.58084930142, 1310),('e', 688698.83700733294, 'ld'),]";
"1424664435";"'PaC'";"[('s', 688756.05223084975, 1316),('e', 688756.23623987485, 'ld'),]";
"1424664435";"'PaC'";"[('s', 688777.8599374179, 1327),('e', 688778.0839751981, 'ld'),]";
"1424664435";"'PaC'";"[('s', 688785.13168109907, 1339),('e', 688785.41972716886, 'ld'),]";
"1424664435";"'PaC'";"[('s', 688807.14739418798, 1356),('e', 688807.61153821321, 'ld'),]";
"1424664435";"'PaC'";"[('s', 688825.97920730221, 1375),('e', 688826.72327720735, 'ld'),]";
"1424664435";"'PaC'";"[('s', 688836.09913533751, 1381),('e', 688836.28314692853, 'ld'),]";
"1424664435";"'PaC'";"[('s', 688842.37883884029, 1390),('e', 688842.68305985921, 'ld'),]";
"1424664435";"'PaC'";"[('s', 688859.11483773519, 1398),('e', 688859.55483458773, 'ld'),]";
"1424664435";"'PaC'";"[('s', 688866.77070556441, 1402),('e', 688866.97089082177, 'ld'),]";
"1424664435";"'PaC'";"[('s', 691915.77723447408, 1413),('e', 691916.12920544192, 'ld'),]";
"1424767500";"'PaC'";"[('s', 774528.56282691052, 1427),('e', 774528.73086369177, 'ld'),]";
"1424767500";"'PaC'";"[('s', 774531.25883040705, 1433),('e', 774531.41082566523, 'ld'),]";
"1424767500";"'PaC'";"[('s', 774533.39479183999, 1435),('e', 774533.7387965715, 'ld'),]";
"1424767500";"'PaC'";"[('s', 774534.60278382071, 1437),('e', 774534.85877934576, 'ld'),]";
"1424767500";"'PaC'";"[('s', 774536.24264818768, 1443),('e', 774536.5227506865, 'ld'),]";
"1424767500";"'PaC'";"[('s', 774541.85849410424, 1449),('e', 774542.31466547842, 'ld'),]";
"1424767500";"'PaC'";"[('s', 774550.61856918223, 1461),('e', 774550.72256388958, 'ld'),]";
"1424767500";"'PaC'";"[('s', 774551.66652568523, 1464),('e', 774552.00254536385, 'ld'),]";
"1424767500";"'PaC'";"[('s', 774555.12247382686, 1470),('e', 774555.24250278715, 'ld'),]";
"1424767500";"'PaC'";"[('s', 774556.73847669037, 1475),('e', 774556.86648984824, 'ld'),]";
"1424767500";"'PaC'";"[('s', 774561.21041589242, 1484),('e', 774561.53031450557, 'ld'),]";
"1424767500";"'PaC'";"[('s', 774563.14637895045, 1486),('e', 774564.11436860473, 'ld'),]";
"1424767500";"'PaC'";"[('s', 774604.36982743104, 1525),('e', 774604.99382646626, 'ld'),]";
"1424767500";"'PaC'";"[('s', 774610.0977463352, 1536),('e', 774610.29772760416, 'ld'),]";
"1424767500";"'PaC'";"[('s', 774612.28171772719, 1540),('e', 774612.64971738844, 'ld'),]";
"1424767500";"'PaC'";"[('s', 774615.0256738778, 1545),('e', 774615.52168113762, 'ld'),]";
"1424767500";"'PaC'";"[('s', 774617.17764433241, 1550),('e', 774617.60164926923, 'ld'),]";
"1424767500";"'PaC'";"[('s', 774619.26561932696, 1553),('e', 774619.58560988447, 'ld'),]";
"1424767500";"'PaC'";"[('s', 774619.96961813979, 1556),('e', 774620.69763454783, 'ld'),]";
"1424767500";"'PaC'";"[('s', 774622.28159370914, 1559),('e', 774622.36958794785, 'ld'),]";
"1424767500";"'PaC'";"[('s', 774622.90557435551, 1560),('e', 774623.14558095834, 'ld'),]";
"1424767500";"'PaC'";"[('s', 774626.1135218608, 1567),('e', 774626.45753428992, 'ld'),]";
"1424767500";"'PaC'";"[('s', 774628.38541906769, 1569),('e', 774628.59349828877, 'ld'),]";
"1424767500";"'PaC'";"[('s', 774630.7294208057, 1572),('e', 774631.12940344319, 'ld'),]";
"1424767500";"'PaC'";"[('s', 774632.48932781781, 1574),('e', 774632.5854507992, 'ld'),]";
"1424767500";"'PaC'";"[('s', 774634.41742257099, 1578),('e', 774634.6094230637, 'ld'),]";
"1424767500";"'PaC'";"[('s', 774655.32903788926, 1591),('e', 774655.4731344796, 'ld'),]";
"1424767500";"'PaC'";"[('s', 774656.75311039446, 1594),('e', 774657.19312135933, 'ld'),]";
"1424767500";"'PaC'";"[('s', 774667.45696765569, 1606),('e', 774667.77694923256, 'ld'),]";
"1424767500";"'PaC'";"[('s', 774682.17747498362, 1615),('e', 774682.96876882995, 'ld'),]";
"1424767500";"'PaC'";"[('s', 774787.8031880341, 1622),('e', 774788.19495383324, 'ld'),]";
"1424767500";"'PaC'";"[('s', 774793.591154775, 1633),('e', 774793.99915496656, 'ld'),]";
"1424767500";"'PaC'";"[('s', 774799.45518307842, 1649),('e', 774799.67117807327, 'ld'),]";
"1424767500";"'PaC'";"[('s', 774801.71102336713, 1652),('e', 774802.13514462428, 'ld'),]";
"1424767500";"'PaC'";"[('s', 774802.94311890041, 1655),('e', 774803.23105164326, 'ld'),]";
"1424767500";"'PaC'";"[('s', 774804.98309291643, 1658),('e', 774805.19909004949, 'ld'),]";
"1424767500";"'PaC'";"[('s', 774805.88762594783, 1659),('e', 774806.44705903984, 'ld'),]";
"1424767500";"'PaC'";"[('s', 774899.99780488026, 1671),('e', 774900.15780529077, 'ld'),]";
"1424767500";"'PaC'";"[('s', 774901.76559944137, 1673),('e', 774902.61377096595, 'ld'),]";
"1424767500";"'PaC'";"[('s', 774906.88570751669, 1679),('e', 774907.24571955926, 'ld'),]";
"1424767500";"'PaC'";"[('s', 774907.70967926795, 1682),('e', 774907.86171087623, 'ld'),]";
"1424767500";"'PaC'";"[('s', 774908.26151988842, 1683),('e', 774908.48569750972, 'ld'),]";
"1424767500";"'PaC'";"[('s', 774908.91767638037, 1684),('e', 774909.06161260267, 'ld'),]";
"1424767500";"'PaC'";"[('s', 774910.7576520216, 1691),('e', 774910.88565962005, 'ld'),]";
"1424767500";"'PaC'";"[('s', 774911.17366762902, 1692),('e', 774911.66165861755, 'ld'),]";
"1424767500";"'PaC'";"[('s', 774912.67763684865, 1695),('e', 774912.83764581208, 'ld'),]";
"1424767500";"'PaC'";"[('s', 774914.19761081331, 1698),('e', 774914.30159269134, 'ld'),]";
"1424767500";"'PaC'";"[('s', 774915.73360449099, 1701),('e', 774915.86149705201, 'ld'),]";
"1424767500";"'PaC'";"[('s', 774918.3893979094, 1706),('e', 774918.82956710423, 'ld'),]";
"1424767500";"'PaC'";"[('s', 774925.90143215202, 1722),('e', 774926.1013479908, 'ld'),]";
"1424767500";"'PaC'";"[('s', 774935.52535592113, 1731),('e', 774935.74138641078, 'ld'),]";
"1424767500";"'PaC'";"[('s', 774937.34116300719, 1736),('e', 774937.49329981708, 'ld'),]";
"1424767500";"'PaC'";"[('s', 774939.75726842089, 1740),('e', 774940.00526435301, 'ld'),]";
"1424767500";"'PaC'";"[('s', 774957.10101100383, 1748),('e', 774957.68502019998, 'ld'),]";
"1424767500";"'PaC'";"[('s', 774963.96493709937, 1757),('e', 774964.25293826591, 'ld'),]";
"1424767500";"'PaC'";"[('s', 774984.99664167629, 1782),('e', 774985.50065280544, 'ld'),]";
"1424767500";"'PaC'";"[('s', 774987.05261915468, 1784),('e', 774987.57261835062, 'ld'),]";
"1424767500";"'PaC'";"[('s', 775031.62001976592, 1800),('e', 775031.85200368287, 'ld'),]";
"1424767500";"'PaC'";"[('s', 775033.56398113386, 1805),('e', 775033.84386211075, 'ld'),]";
"1424767500";"'PaC'";"[('s', 775035.62795521156, 1809),('e', 775035.84396560164, 'ld'),]";
"1424767500";"'PaC'";"[('s', 775039.37975785683, 1816),('e', 775039.6359270073, 'ld'),]";
"1424767500";"'PaC'";"[('s', 775040.61989446485, 1817),('e', 775040.83578896231, 'ld'),]";
"1424767500";"'PaC'";"[('s', 775052.55572922842, 1827),('e', 775052.82764183066, 'ld'),]";
"1424767500";"'PaC'";"[('s', 775056.33970600879, 1831),('e', 775056.41972374765, 'ld'),]";
"1424767500";"'PaC'";"[('s', 775058.70764922048, 1833),('e', 775059.01165513229, 'ld'),]";
"1424767500";"'PaC'";"[('s', 775062.87546148617, 1834),('e', 775062.9635989872, 'ld'),]";
"1424767500";"'PaC'";"[('s', 775064.27557284583, 1835),('e', 775064.37146275886, 'ld'),]";
"1424767500";"'PaC'";"[('s', 775068.90750176727, 1839),('e', 775069.21150468558, 'ld'),]";
"1424767500";"'PaC'";"[('s', 775069.71549058345, 1841),('e', 775069.87550510629, 'ld'),]";
"1424767500";"'PaC'";"[('s', 775070.72348247864, 1843),('e', 775071.07549193478, 'ld'),]";
"1424767500";"'PaC'";"[('s', 775077.68316677131, 1859),('e', 775077.85918689484, 'ld'),]";
"1424767500";"'PaC'";"[('s', 775078.88314761268, 1861),('e', 775079.17922534898, 'ld'),]";
"1424767500";"'PaC'";"[('s', 775081.98709784471, 1867),('e', 775082.17128348863, 'ld'),]";
"1424767500";"'PaC'";"[('s', 775087.87522371358, 1876),('e', 775088.12326070014, 'ld'),]";
"1424767500";"'PaC'";"[('s', 775091.1712060842, 1879),('e', 775091.93118921784, 'ld'),]";
"1424767500";"'PaC'";"[('s', 775094.22715662071, 1884),('e', 775094.4431670109, 'ld'),]";
"1424767500";"'PaC'";"[('s', 775095.47514485521, 1885),('e', 775095.80314484157, 'ld'),]";
"1424767500";"'PaC'";"[('s', 775116.69088796503, 1898),('e', 775117.05885940162, 'ld'),]";
"1424767500";"'PaC'";"[('s', 775118.97881643148, 1904),('e', 775119.19482040685, 'ld'),]";
"1424767500";"'PaC'";"[('s', 775120.77875048807, 1908),('e', 775121.21069685754, 'ld'),]";
"1424767500";"'PaC'";"[('s', 775126.01873271493, 1918),('e', 775126.29062607314, 'ld'),]";
"1424767500";"'PaC'";"[('s', 775128.57869480818, 1922),('e', 775128.83469674806, 'ld'),]";
"1424767500";"'PaC'";"[('s', 775134.41861057852, 1930),('e', 775134.85862026049, 'ld'),]";
"1424767500";"'PaC'";"[('s', 775137.4424763585, 1933),('e', 775137.93059435871, 'ld'),]";
"1424767500";"'PaC'";"[('s', 775156.17828666046, 1949),('e', 775156.41031847417, 'ld'),]";
"1424767500";"'PaC'";"[('s', 775157.26615089411, 1950),('e', 775157.44220351882, 'ld'),]";
"1424767500";"'PaC'";"[('s', 775166.96216935816, 1962),('e', 775167.7622616447, 'ld'),]";
"1424767500";"'PaC'";"[('s', 775174.69792149996, 1976),('e', 775175.04206436197, 'ld'),]";
"1424767500";"'PaC'";"[('s', 775175.97787731537, 1981),('e', 775176.20191124664, 'ld'),]";
"1424767500";"'PaC'";"[('s', 775178.45800769678, 1987),('e', 775178.90601611638, 'ld'),]";
"1424767500";"'PaC'";"[('s', 775260.53671811416, 2019),('e', 775260.83290233486, 'ld'),]";
"1424767500";"'PaC'";"[('s', 775261.76887993293, 2022),('e', 775262.29688257072, 'ld'),]";
"1424767500";"'PaC'";"[('s', 775268.34479160479, 2041),('e', 775268.74480546056, 'ld'),]";
"1424767500";"'PaC'";"[('s', 775303.48018982459, 2062),('e', 775303.78432274808, 'ld'),]";
"1424767500";"'PaC'";"[('s', 775318.12796911004, 2076),('e', 775318.55211816437, 'ld'),]";
"1424767500";"'PaC'";"[('s', 775321.66407098284, 2079),('e', 775322.27207083232, 'ld'),]";
"1424767500";"'PaC'";"[('s', 775329.84793161391, 2088),('e', 775330.1118625846, 'ld'),]";
"1424767500";"'PaC'";"[('s', 775332.19983159204, 2098),('e', 775332.29591950634, 'ld'),]";
"1424767500";"'PaC'";"[('s', 775411.41484513355, 2131),('e', 775411.63084996422, 'ld'),]";
"1424767500";"'PaC'";"[('s', 775499.62964485073, 2142),('e', 775499.76565460803, 'ld'),]";
"1424767500";"'PaC'";"[('s', 775501.50166419416, 2145),('e', 775502.37360998197, 'ld'),]";
"1424767500";"'PaC'";"[('s', 775626.7317754383, 2159),('e', 775627.2357698892, 'ld'),]";
"1424767500";"'PaC'";"[('s', 776451.48068889044, 2207),('e', 776451.86459279957, 'ld'),]";
"1424767500";"'PaC'";"[('s', 776568.66309765482, 2211),('e', 776569.09511800751, 'ld'),]";
"1424767500";"'PaC'";"[('s', 776569.90306619694, 2215),('e', 776570.07094603113, 'ld'),]";
"1424767500";"'PaC'";"[('s', 776572.10305730195, 2222),('e', 776572.58295846381, 'ld'),]";
"1424767500";"'PaC'";"[('s', 776575.46301203954, 2230),('e', 776575.67920375266, 'ld'),]";
"1424767500";"'PaC'";"[('s', 776576.32699244644, 2234),('e', 776576.59099355154, 'ld'),]";
"1424767500";"'PaC'";"[('s', 776578.16696167283, 2241),('e', 776578.38296992471, 'ld'),]";
"1424767500";"'PaC'";"[('s', 776581.2389173822, 2244),('e', 776581.42293667083, 'ld'),]";
"1424767500";"'PaC'";"[('s', 776583.39088997501, 2252),('e', 776583.83089794638, 'ld'),]";
"1424767500";"'PaC'";"[('s', 776588.00669312675, 2255),('e', 776588.9188246167, 'ld'),]";
"1424767500";"'PaC'";"[('s', 776590.54265216482, 2260),('e', 776590.84665380011, 'ld'),]";
"1424767500";"'PaC'";"[('s', 776592.80663103214, 2265),('e', 776593.1267772537, 'ld'),]";
"1424767500";"'PaC'";"[('s', 776618.30225255294, 2302),('e', 776618.65435994067, 'ld'),]";
"1424767500";"'PaC'";"[('s', 776621.56627461279, 2304),('e', 776621.85432709719, 'ld'),]";
"1424767500";"'PaC'";"[('s', 776627.10228667932, 2315),('e', 776627.77426915942, 'ld'),]";
"1424767500";"'PaC'";"[('s', 776631.75823276828, 2323),('e', 776631.99023935059, 'ld'),]";
"1424767500";"'PaC'";"[('s', 776644.56598637765, 2330),('e', 776645.29403571459, 'ld'),]";
"1424767500";"'PaC'";"[('s', 776648.09402365494, 2339),('e', 776648.18204611843, 'ld'),]";
"1424767500";"'PaC'";"[('s', 776663.821804001, 2354),('e', 776664.53379898553, 'ld'),]";
"1424767500";"'PaC'";"[('s', 776664.73360149749, 2356),('e', 776665.133834737, 'ld'),]";
"1424767500";"'PaC'";"[('s', 776668.8058903449, 2363),('e', 776668.89373276848, 'ld'),]";
"1424767500";"'PaC'";"[('s', 776670.96558199322, 2367),('e', 776671.44560931146, 'ld'),]";
"1424767500";"'PaC'";"[('s', 776672.21353216702, 2370),('e', 776672.54162580846, 'ld'),]";
"1424767500";"'PaC'";"[('s', 776675.62964955484, 2373),('e', 776675.82166672579, 'ld'),]";
"1424767500";"'PaC'";"[('s', 776677.50962444337, 2383),('e', 776677.93371405452, 'ld'),]";
"1424767500";"'PaC'";"[('s', 776679.07748905325, 2391),('e', 776679.15754185931, 'ld'),]";
"1424767500";"'PaC'";"[('s', 776679.97349990532, 2393),('e', 776680.15753074049, 'ld'),]";
"1424767500";"'PaC'";"[('s', 776682.28553320712, 2397),('e', 776682.58954596135, 'ld'),]";
"1424767500";"'PaC'";"[('s', 776692.06140647607, 2403),('e', 776692.56543428346, 'ld'),]";
"1424767500";"'PaC'";"[('s', 776694.36538929481, 2406),('e', 776694.98138189479, 'ld'),]";
"1424767500";"'PaC'";"[('s', 776696.0853582134, 2411),('e', 776696.26127997763, 'ld'),]";
"1424767500";"'PaC'";"[('s', 776721.27696869057, 2433),('e', 776721.54090393777, 'ld'),]";
"1424767500";"'PaC'";"[('s', 776722.85289832356, 2435),('e', 776723.07692669553, 'ld'),]";
"1424767500";"'PaC'";"[('s', 776725.03680385777, 2438),('e', 776725.13289177197, 'ld'),]";
"1424767500";"'PaC'";"[('s', 776725.82888158376, 2439),('e', 776725.93291734543, 'ld'),]";
"1424767500";"'PaC'";"[('s', 776726.73286551435, 2442),('e', 776727.06092366087, 'ld'),]";
"1424767500";"'PaC'";"[('s', 776728.08491859073, 2445),('e', 776728.72493605583, 'ld'),]";
"1424767500";"'PaC'";"[('s', 776735.67681790167, 2456),('e', 776735.85282776156, 'ld'),]";
"1424767500";"'PaC'";"[('s', 776738.92476679257, 2463),('e', 776739.29282718, 'ld'),]";
"1424767500";"'PaC'";"[('s', 776758.06034077599, 2473),('e', 776758.21236810787, 'ld'),]";
"1424767500";"'PaC'";"[('s', 776807.85970648774, 2540),('e', 776808.13174310816, 'ld'),]";
"1424767500";"'PaC'";"[('s', 776810.61171868083, 2547),('e', 776810.72373778478, 'ld'),]";
"1424767500";"'PaC'";"[('s', 776811.27565538196, 2548),('e', 776811.33969317935, 'ld'),]";
"1424767500";"'PaC'";"[('s', 776811.80364262441, 2551),('e', 776812.22770700429, 'ld'),]";
"1424767500";"'PaC'";"[('s', 776854.93920420599, 2586),('e', 776855.22720280674, 'ld'),]";
"1424767500";"'PaC'";"[('s', 776858.09022741916, 2591),('e', 776858.41146499978, 'ld'),]";
"1424767500";"'PaC'";"[('s', 776919.27430444036, 2622),('e', 776919.69030593545, 'ld'),]";
"1424767500";"'PaC'";"[('s', 776923.33826611622, 2626),('e', 776923.65027760807, 'ld'),]";
"1424767500";"'PaC'";"[('s', 776925.19410238508, 2631),('e', 776925.52224862715, 'ld'),]";
"1424767500";"'PaC'";"[('s', 776926.80221214017, 2634),('e', 776927.18620457256, 'ld'),]";
"1424767500";"'PaC'";"[('s', 776936.63409025688, 2639),('e', 776936.93803929153, 'ld'),]";
"1424767500";"'PaC'";"[('s', 776937.48996373115, 2640),('e', 776938.01007625402, 'ld'),]";
"1424767500";"'PaC'";"[('s', 776939.45805174462, 2642),('e', 776939.83406169002, 'ld'),]";
"1424767500";"'PaC'";"[('s', 776962.04173892143, 2675),('e', 776962.24174285587, 'ld'),]";
"1424767500";"'PaC'";"[('s', 777008.84901057102, 2734),('e', 777009.10502619564, 'ld'),]";
"1424767500";"'PaC'";"[('s', 777054.64848490548, 2751),('e', 777055.08848560683, 'ld'),]";
"1424767500";"'PaC'";"[('s', 777061.90428969939, 2758),('e', 777062.44832017529, 'ld'),]";
"1424767500";"'PaC'";"[('s', 777065.05632216297, 2759),('e', 777065.32035662467, 'ld'),]";
"1424767500";"'PaC'";"[('s', 777072.38409720617, 2768),('e', 777073.28823466273, 'ld'),]";
"1424767500";"'PaC'";"[('s', 777078.46402898768, 2776),('e', 777078.75206607685, 'ld'),]";
"1424767500";"'PaC'";"[('s', 777080.10398316092, 2778),('e', 777080.7040928955, 'ld'),]";
"1424767500";"'PaC'";"[('s', 777081.70407578954, 2780),('e', 777082.02414246858, 'ld'),]";
"1424767500";"'PaC'";"[('s', 777085.90406475624, 2786),('e', 777086.71206896775, 'ld'),]";
"1424767500";"'PaC'";"[('s', 777096.03182389098, 2798),('e', 777096.24784967641, 'ld'),]";
"1424767500";"'PaC'";"[('s', 777097.11980059603, 2800),('e', 777097.32039554068, 'ld'),]";
"1424767500";"'PaC'";"[('s', 777109.93572229194, 2809),('e', 777110.1757045188, 'ld'),]";
"1424767500";"'PaC'";"[('s', 777110.47160135978, 2810),('e', 777110.64763516793, 'ld'),]";
"1424767500";"'PaC'";"[('s', 777111.8395214784, 2811),('e', 777112.3197130136, 'ld'),]";
"1424767500";"'PaC'";"[('s', 777114.19151639449, 2816),('e', 777114.74366235617, 'ld'),]";
"1424767500";"'PaC'";"[('s', 777115.96749871387, 2821),('e', 777116.17560316611, 'ld'),]";
"1424767500";"'PaC'";"[('s', 777144.33514385449, 2838),('e', 777144.70327608683, 'ld'),]";
"1424767500";"'PaC'";"[('s', 777149.59109789773, 2846),('e', 777149.71912687866, 'ld'),]";
"1424767500";"'PaC'";"[('s', 777150.77508853388, 2847),('e', 777150.97509631712, 'ld'),]";
"1424767500";"'PaC'";"[('s', 777160.4070443972, 2853),('e', 777160.63904627541, 'ld'),]";
"1424767500";"'PaC'";"[('s', 777163.1269859462, 2856),('e', 777163.5749977869, 'ld'),]";
"1424767500";"'PaC'";"[('s', 777193.34260161675, 2887),('e', 777193.47060194518, 'ld'),]";
"1424767500";"'PaC'";"[('s', 777226.8301461403, 2938),('e', 777227.25413995818, 'ld'),]";
"1424767500";"'PaC'";"[('s', 777271.98149778752, 2993),('e', 777272.65375310741, 'ld'),]";
"1424767500";"'PaC'";"[('s', 777274.63735321502, 3000),('e', 777275.29358155187, 'ld'),]";
"1424767500";"'PaC'";"[('s', 777276.06931241392, 3003),('e', 777276.50141829625, 'ld'),]";
"1424767500";"'PaC'";"[('s', 777279.31730022084, 3008),('e', 777279.64524332981, 'ld'),]";
"1424767500";"'PaC'";"[('s', 777296.90918841294, 3029),('e', 777297.22129355976, 'ld'),]";
"1424767500";"'PaC'";"[('s', 777314.98894614156, 3049),('e', 777315.13303332368, 'ld'),]";
"1424767500";"'PaC'";"[('s', 777321.47668267926, 3070),('e', 777321.64485716331, 'ld'),]";
"1424767500";"'PaC'";"[('s', 777323.90881507576, 3075),('e', 777324.08482194215, 'ld'),]";
"1424767500";"'PaC'";"[('s', 777337.34063956549, 3093),('e', 777337.64461768011, 'ld'),]";
"1424767500";"'PaC'";"[('s', 777341.54857338592, 3103),('e', 777342.13253554085, 'ld'),]";
"1424767500";"'PaC'";"[('s', 777344.00449715159, 3109),('e', 777344.23651399754, 'ld'),]";
"1424767500";"'PaC'";"[('s', 777359.26833489491, 3138),('e', 777359.97233456315, 'ld'),]";
"1424767500";"'PaC'";"[('s', 777364.68408493267, 3140),('e', 777365.012319698, 'ld'),]";
"1424767500";"'PaC'";"[('s', 777368.96407667059, 3148),('e', 777369.43618180021, 'ld'),]";
"1424767500";"'PaC'";"[('s', 777373.31602582824, 3154),('e', 777373.82815543655, 'ld'),]";
"1424767500";"'PaC'";"[('s', 777377.06008718046, 3161),('e', 777377.90809149458, 'ld'),]";
"1424767500";"'PaC'";"[('s', 777381.49990484817, 3163),('e', 777381.69996095565, 'ld'),]";
"1424767500";"'PaC'";"[('s', 777384.76391621679, 3168),('e', 777384.90799826721, 'ld'),]";
"1424767500";"'PaC'";"[('s', 777390.0437386058, 3170),('e', 777390.4039294055, 'ld'),]";
"1424767500";"'PaC'";"[('s', 777391.01978601329, 3175),('e', 777391.25991064718, 'ld'),]";
"1424767500";"'PaC'";"[('s', 777394.73184942151, 3179),('e', 777395.59757805546, 'ld'),]";
"1424767500";"'PaC'";"[('s', 777397.60507045721, 3185),('e', 777397.77966779412, 'ld'),]";
"1424767500";"'PaC'";"[('s', 777398.42762455367, 3187),('e', 777398.77167589893, 'ld'),]";
"1424767500";"'PaC'";"[('s', 777405.35554610926, 3194),('e', 777405.85161708866, 'ld'),]";
"1424767500";"'PaC'";"[('s', 777412.06762277463, 3204),('e', 777412.29962636356, 'ld'),]";
"1424767500";"'PaC'";"[('s', 777421.73149960511, 3238),('e', 777422.70750766876, 'ld'),]";
"1424767500";"'PaC'";"[('s', 777439.19525789132, 3247),('e', 777439.82726678299, 'ld'),]";
"1424767500";"'PaC'";"[('s', 777443.98718038085, 3256),('e', 777444.29919614911, 'ld'),]";
"1424767500";"'PaC'";"[('s', 777445.02714883746, 3257),('e', 777445.56317800994, 'ld'),]";
"1424767500";"'PaC'";"[('s', 777449.80305717362, 3275),('e', 777450.23509591515, 'ld'),]";
"1424767500";"'PaC'";"[('s', 777470.81874075474, 3299),('e', 777471.2267738753, 'ld'),]";
"1424767500";"'PaC'";"[('s', 777477.20273660833, 3304),('e', 777477.29865346313, 'ld'),]";
"1424767500";"'PaC'";"[('s', 777480.59455543582, 3309),('e', 777480.85069122969, 'ld'),]";
"1424767500";"'PaC'";"[('s', 777481.97066887224, 3310),('e', 777482.14666846849, 'ld'),]";
"1424767500";"'PaC'";"[('s', 777484.37862758187, 3315),('e', 777484.60263927549, 'ld'),]";
"1424767500";"'PaC'";"[('s', 777503.52222040237, 3331),('e', 777503.91430394433, 'ld'),]";
"1424767500";"'PaC'";"[('s', 777506.39424487751, 3339),('e', 777506.88240222132, 'ld'),]";
"1424767500";"'PaC'";"[('s', 777508.67428836087, 3345),('e', 777508.80231477576, 'ld'),]";
"1424767500";"'PaC'";"[('s', 777509.61827453237, 3348),('e', 777509.80240543734, 'ld'),]";
"1424767500";"'PaC'";"[('s', 777511.73830520338, 3355),('e', 777511.98627248313, 'ld'),]";
"1424767500";"'PaC'";"[('s', 777518.11434850527, 3359),('e', 777518.40218032314, 'ld'),]";
"1424767500";"'PaC'";"[('s', 777521.2500973969, 3362),('e', 777521.65005565842, 'ld'),]";
"1424767500";"'PaC'";"[('s', 777534.87378339341, 3376),('e', 777535.06602251402, 'ld'),]";
"1424767500";"'PaC'";"[('s', 777550.06555167295, 3401),('e', 777550.57774927735, 'ld'),]";
"1424767500";"'PaC'";"[('s', 777553.12968141469, 3407),('e', 777553.3297131462, 'ld'),]";
"1424767500";"'PaC'";"[('s', 777562.321477919, 3410),('e', 777562.49755663029, 'ld'),]";
"1424767500";"'PaC'";"[('s', 777572.52127145033, 3430),('e', 777573.01737535861, 'ld'),]";
"1424767500";"'PaC'";"[('s', 777597.5690774211, 3454),('e', 777597.969103251, 'ld'),]";
"1424767500";"'PaC'";"[('s', 777599.08113817789, 3458),('e', 777599.40896838775, 'ld'),]";
"1424767500";"'PaC'";"[('s', 777603.36901960301, 3467),('e', 777603.85701743397, 'ld'),]";
"1424767500";"'PaC'";"[('s', 777604.71299953084, 3470),('e', 777604.86499350611, 'ld'),]";
"1424767500";"'PaC'";"[('s', 777608.36874804622, 3482),('e', 777608.73694057693, 'ld'),]";
"1424767500";"'PaC'";"[('s', 777609.28091631387, 3486),('e', 777609.4329282504, 'ld'),]";
"1424767500";"'PaC'";"[('s', 777621.64877527882, 3496),('e', 777621.78478118719, 'ld'),]";
"1424767500";"'PaC'";"[('s', 777636.54456845776, 3512),('e', 777636.70457271719, 'ld'),]";
"1424767500";"'PaC'";"[('s', 777649.36833878653, 3522),('e', 777649.52036269719, 'ld'),]";
"1424767500";"'PaC'";"[('s', 777660.24010966613, 3525),('e', 777660.58424226462, 'ld'),]";
"1424767500";"'PaC'";"[('s', 777665.48808592651, 3538),('e', 777665.64010427776, 'ld'),]";
"1424767500";"'PaC'";"[('s', 777713.5675263399, 3597),('e', 777713.87954296346, 'ld'),]";
"1424767500";"'PaC'";"[('s', 777714.98350901844, 3600),('e', 777715.41550499515, 'ld'),]";
"1424767500";"'PaC'";"[('s', 777720.02342915081, 3609),('e', 777720.51142954768, 'ld'),]";
"1424770997";"'PaC'";"[('s', 777920.05269142718, 3681),('e', 777920.19672215974, 'ld'),]";
"1424770997";"'PaC'";"[('s', 777920.46873868071, 3683),('e', 777920.70060841553, 'ld'),]";
"1424770997";"'PaC'";"[('s', 777921.26070307975, 3685),('e', 777921.66867547424, 'ld'),]";
"1424770997";"'PaC'";"[('s', 777924.0206596991, 3691),('e', 777924.26865605894, 'ld'),]";
"1424770997";"'PaC'";"[('s', 777928.27659706399, 3695),('e', 777928.55644896079, 'ld'),]";
"1424770997";"'PaC'";"[('s', 777934.05251352547, 3698),('e', 777934.69254339242, 'ld'),]";
"1424770997";"'PaC'";"[('s', 777939.26035026973, 3713),('e', 777939.51634194609, 'ld'),]";
"1424770997";"'PaC'";"[('s', 777941.57234807685, 3717),('e', 777941.85225813382, 'ld'),]";
"1424770997";"'PaC'";"[('s', 777963.87611664366, 3750),('e', 777964.19612858363, 'ld'),]";
"1424770997";"'PaC'";"[('s', 778014.84330745065, 3771),('e', 778015.38732980122, 'ld'),]";
"1424770997";"'PaC'";"[('s', 778018.68337289791, 3779),('e', 778019.04338023637, 'ld'),]";
"1424770997";"'PaC'";"[('s', 778025.69926175044, 3786),('e', 778026.29127310531, 'ld'),]";
"1424770997";"'PaC'";"[('s', 778029.06717630965, 3793),('e', 778029.50721165049, 'ld'),]";
"1424770997";"'PaC'";"[('s', 778030.77915547113, 3795),('e', 778030.93912722927, 'ld'),]";
"1424770997";"'PaC'";"[('s', 778035.45911445119, 3803),('e', 778035.6991432918, 'ld'),]";
"1424770997";"'PaC'";"[('s', 778038.93887363374, 3808),('e', 778039.1789529369, 'ld'),]";
"1424770997";"'PaC'";"[('s', 778047.98676043004, 3811),('e', 778048.2987770536, 'ld'),]";
"1424770997";"'PaC'";"[('s', 778053.4586688414, 3817),('e', 778053.65870185592, 'ld'),]";
"1424770997";"'PaC'";"[('s', 778058.28261194017, 3819),('e', 778058.38702146662, 'ld'),]";
"1424770997";"'PaC'";"[('s', 778101.41806618206, 3832),('e', 778101.85007284989, 'ld'),]";
"1424770997";"'PaC'";"[('s', 778105.75397424446, 3841),('e', 778105.81001415942, 'ld'),]";
"1424770997";"'PaC'";"[('s', 778107.20196128159, 3843),('e', 778107.29000213393, 'ld'),]";
"1424770997";"'PaC'";"[('s', 778108.72196389874, 3847),('e', 778109.1459465978, 'ld'),]";
"1424770997";"'PaC'";"[('s', 778110.88992413087, 3849),('e', 778111.07390835241, 'ld'),]";
"1424770997";"'PaC'";"[('s', 778113.24188526277, 3853),('e', 778113.61789135938, 'ld'),]";
"1424770997";"'PaC'";"[('s', 778118.83380980499, 3858),('e', 778119.6738153816, 'ld'),]";
"1424770997";"'PaC'";"[('s', 778127.48973493918, 3863),('e', 778127.6976944186, 'ld'),]";
"1424770997";"'PaC'";"[('s', 778129.12967286177, 3867),('e', 778129.29771092581, 'ld'),]";
"1424770997";"'PaC'";"[('s', 778130.10565868777, 3870),('e', 778130.185667446, 'ld'),]";
"1424770997";"'PaC'";"[('s', 778135.51356650726, 3875),('e', 778135.78559500235, 'ld'),]";
"1424770997";"'PaC'";"[('s', 778138.54554563458, 3879),('e', 778138.69754944579, 'ld'),]";
"1424770997";"'PaC'";"[('s', 778140.0895153844, 3882),('e', 778140.39353113214, 'ld'),]";
"1424770997";"'PaC'";"[('s', 778148.90539089427, 3889),('e', 778149.04141818511, 'ld'),]";
"1424770997";"'PaC'";"[('s', 778152.1933518619, 3895),('e', 778152.39336392155, 'ld'),]";
"1424770997";"'PaC'";"[('s', 778154.69731594971, 3899),('e', 778155.16133937798, 'ld'),]";
"1424770997";"'PaC'";"[('s', 778156.19349213061, 3903),('e', 778156.79345988599, 'ld'),]";
"1424770997";"'PaC'";"[('s', 778157.31344454188, 3905),('e', 778157.40942768229, 'ld'),]";
"1424770997";"'PaC'";"[('s', 778158.04947037867, 3907),('e', 778158.13748129574, 'ld'),]";
"1424770997";"'PaC'";"[('s', 778163.44130460161, 3913),('e', 778163.5934050614, 'ld'),]";
"1424770997";"'PaC'";"[('s', 778178.6411883668, 3934),('e', 778179.01719660161, 'ld'),]";
"1424770997";"'PaC'";"[('s', 778185.57710310048, 3951),('e', 778186.38504658593, 'ld'),]";
"1424770997";"'PaC'";"[('s', 778198.19282243308, 3961),('e', 778198.43289361091, 'ld'),]";
"1424770997";"'PaC'";"[('s', 778204.25674348231, 3968),('e', 778204.47280775616, 'ld'),]";
"1424770997";"'PaC'";"[('s', 778208.42476615112, 3974),('e', 778208.4807825454, 'ld'),]";
"1424770997";"'PaC'";"[('s', 778210.56875411875, 3980),('e', 778210.96876754693, 'ld'),]";
"1424770997";"'PaC'";"[('s', 778213.08872509003, 3985),('e', 778213.80882016488, 'ld'),]";
"1424770997";"'PaC'";"[('s', 778218.61663492804, 3989),('e', 778218.68064578343, 'ld'),]";
"1424770997";"'PaC'";"[('s', 778220.25660706242, 3990),('e', 778220.48861877655, 'ld'),]";
"1424770997";"'PaC'";"[('s', 778254.04816519551, 3993),('e', 778254.46416113107, 'ld'),]";
"1424770997";"'PaC'";"[('s', 778259.87199368444, 3999),('e', 778260.05601511139, 'ld'),]";
"1424770997";"'PaC'";"[('s', 778267.36796502175, 4010),('e', 778267.91984327533, 'ld'),]";
"1424770997";"'PaC'";"[('s', 778272.85579820804, 4022),('e', 778273.70380038396, 'ld'),]";
"1424770997";"'PaC'";"[('s', 778275.79405046848, 4029),('e', 778276.15177972335, 'ld'),]";
"1424770997";"'PaC'";"[('s', 778283.65576519363, 4038),('e', 778283.79178093793, 'ld'),]";
"1424770997";"'PaC'";"[('s', 778285.90416532464, 4041),('e', 778286.36772810447, 'ld'),]";
"1424770997";"'PaC'";"[('s', 778291.503614699, 4051),('e', 778292.29564324534, 'ld'),]";
"1424770997";"'PaC'";"[('s', 778294.70350188529, 4058),('e', 778294.95151919988, 'ld'),]";
"1424770997";"'PaC'";"[('s', 778295.61549225124, 4060),('e', 778296.0075432919, 'ld'),]";
"1424770997";"'PaC'";"[('s', 778305.74334418564, 4065),('e', 778306.10341609898, 'ld'),]";
"1424770997";"'PaC'";"[('s', 778307.38325473864, 4069),('e', 778307.67949156009, 'ld'),]";
"1424770997";"'PaC'";"[('s', 778308.21527226886, 4073),('e', 778308.28742512409, 'ld'),]";
"1424770997";"'PaC'";"[('s', 778309.76742079633, 4080),('e', 778309.93539514078, 'ld'),]";
"1424770997";"'PaC'";"[('s', 778317.91915262304, 4090),('e', 778318.67929698003, 'ld'),]";
"1424770997";"'PaC'";"[('s', 778319.47114292055, 4091),('e', 778319.87128849211, 'ld'),]";
"1424770997";"'PaC'";"[('s', 778349.12680205738, 4100),('e', 778349.37483605021, 'ld'),]";
"1424770997";"'PaC'";"[('s', 778377.16648698307, 4129),('e', 778377.33449896064, 'ld'),]";
"1424770997";"'PaC'";"[('s', 778381.84629714128, 4136),('e', 778382.07040035166, 'ld'),]";
"1424770997";"'PaC'";"[('s', 778387.60622425284, 4142),('e', 778387.82236250991, 'ld'),]";
"1424770997";"'PaC'";"[('s', 778404.66211534617, 4150),('e', 778404.75811516494, 'ld'),]";
"1424770997";"'PaC'";"[('s', 778411.35799354163, 4164),('e', 778411.65403150662, 'ld'),]";
"1424770997";"'PaC'";"[('s', 778413.16600160196, 4167),('e', 778413.50999521464, 'ld'),]";
"1424770997";"'PaC'";"[('s', 778419.87781569117, 4181),('e', 778419.91784359096, 'ld'),]";
"1424770997";"'PaC'";"[('s', 778434.60556353594, 4195),('e', 778434.71758349519, 'ld'),]";
"1424770997";"'PaC'";"[('s', 778446.47754182504, 4200),('e', 778446.76542239485, 'ld'),]";
"1424770997";"'PaC'";"[('s', 778448.20542737271, 4204),('e', 778448.66946961754, 'ld'),]";
"1424770997";"'PaC'";"[('s', 778452.18943118048, 4214),('e', 778452.55750696314, 'ld'),]";
"1424770997";"'PaC'";"[('s', 778453.30934766924, 4216),('e', 778453.46938314696, 'ld'),]";
"1424770997";"'PaC'";"[('s', 778455.46933781623, 4220),('e', 778455.7093854734, 'ld'),]";
"1424770997";"'PaC'";"[('s', 778458.11728602287, 4224),('e', 778458.70133841154, 'ld'),]";
"1424770997";"'PaC'";"[('s', 778462.35731101467, 4227),('e', 778462.72513833363, 'ld'),]";
"1424770997";"'PaC'";"[('s', 778463.00515188149, 4228),('e', 778463.41332484304, 'ld'),]";
"1424770997";"'PaC'";"[('s', 778466.27726804453, 4231),('e', 778466.39727605006, 'ld'),]";
"1424770997";"'PaC'";"[('s', 778467.23726409301, 4234),('e', 778467.47755978629, 'ld'),]";
"1424770997";"'PaC'";"[('s', 778467.76523508481, 4235),('e', 778468.06126749027, 'ld'),]";
"1424770997";"'PaC'";"[('s', 778491.86150054412, 4246),('e', 778492.07693824195, 'ld'),]";
"1424770997";"'PaC'";"[('s', 778497.96486397146, 4262),('e', 778498.12485582905, 'ld'),]";
"1424770997";"'PaC'";"[('s', 778511.02102669259, 4271),('e', 778511.28499950178, 'ld'),]";
"1424770997";"'PaC'";"[('s', 778511.66048728838, 4272),('e', 778511.89257469634, 'ld'),]";
"1424770997";"'PaC'";"[('s', 778515.60447089397, 4277),('e', 778516.00472850946, 'ld'),]";
"1424770997";"'PaC'";"[('s', 778517.99639449548, 4280),('e', 778518.28453935205, 'ld'),]";
"1424770997";"'PaC'";"[('s', 778519.92444691155, 4285),('e', 778520.21253403544, 'ld'),]";
"1424770997";"'PaC'";"[('s', 778523.07641052373, 4291),('e', 778523.35643861175, 'ld'),]";
"1424770997";"'PaC'";"[('s', 778528.18027009419, 4299),('e', 778528.26828699838, 'ld'),]";
"1424770997";"'PaC'";"[('s', 778528.5883891721, 4301),('e', 778528.63645857433, 'ld'),]";
"1424770997";"'PaC'";"[('s', 778533.40423047007, 4315),('e', 778533.72425310116, 'ld'),]";
"1424770997";"'PaC'";"[('s', 778534.02820470161, 4318),('e', 778534.16424696019, 'ld'),]";
"1424770997";"'PaC'";"[('s', 778534.29222462326, 4320),('e', 778534.3402303058, 'ld'),]";
"1424770997";"'PaC'";"[('s', 778535.4842041611, 4325),('e', 778536.38027402863, 'ld'),]";
"1424770997";"'PaC'";"[('s', 778537.82812934997, 4329),('e', 778538.06035702664, 'ld'),]";
"1424770997";"'PaC'";"[('s', 778538.21247844119, 4330),('e', 778538.4784595588, 'ld'),]";
"1424770997";"'PaC'";"[('s', 778538.56418597745, 4331),('e', 778538.64415881329, 'ld'),]";
"1424770997";"'PaC'";"[('s', 778540.75614028412, 4338),('e', 778540.84408619849, 'ld'),]";
"1424770997";"'PaC'";"[('s', 778542.59615398594, 4341),('e', 778542.72414789966, 'ld'),]";
"1424770997";"'PaC'";"[('s', 778544.0761188675, 4343),('e', 778544.40417701402, 'ld'),]";
"1424770997";"'PaC'";"[('s', 778546.65201813739, 4347),('e', 778546.74816036306, 'ld'),]";
"1424770997";"'PaC'";"[('s', 778557.22001403547, 4354),('e', 778557.33226235898, 'ld'),]";
"1424770997";"'PaC'";"[('s', 778557.81064536865, 4355),('e', 778557.99603227724, 'ld'),]";
"1424770997";"'PaC'";"[('s', 778558.70790409902, 4359),('e', 778558.85196733277, 'ld'),]";
"1424770997";"'PaC'";"[('s', 778565.02029969008, 4362),('e', 778565.26785165211, 'ld'),]";
"1424770997";"'PaC'";"[('s', 778571.5317103503, 4375),('e', 778571.76375670393, 'ld'),]";
"1424770997";"'PaC'";"[('s', 778588.67564272357, 4386),('e', 778588.81165077025, 'ld'),]";
"1424770997";"'PaC'";"[('s', 778589.98747759662, 4389),('e', 778590.25160058145, 'ld'),]";
"1424770997";"'PaC'";"[('s', 778591.33156999596, 4392),('e', 778591.47572218068, 'ld'),]";
"1424770997";"'PaC'";"[('s', 778611.62726798037, 4406),('e', 778611.89122332702, 'ld'),]";
"1424770997";"'PaC'";"[('s', 778614.23514338408, 4411),('e', 778614.78725171264, 'ld'),]";
"1424770997";"'PaC'";"[('s', 778620.12315977504, 4414),('e', 778620.61111655179, 'ld'),]";
"1424770997";"'PaC'";"[('s', 778632.38686024316, 4429),('e', 778632.43487234053, 'ld'),]";
"1424770997";"'PaC'";"[('s', 778648.32270142133, 4435),('e', 778648.61870859563, 'ld'),]";
"1424770997";"'PaC'";"[('s', 778653.01874255086, 4442),('e', 778653.21133961319, 'ld'),]";
"1424770997";"'PaC'";"[('s', 778659.9705893296, 4452),('e', 778660.10658497445, 'ld'),]";
"1424770997";"'PaC'";"[('s', 778664.8023605342, 4459),('e', 778664.94655719434, 'ld'),]";
"1424770997";"'PaC'";"[('s', 778679.26636856713, 4480),('e', 778679.32226008817, 'ld'),]";
"1424770997";"'PaC'";"[('s', 778685.09020689211, 4500),('e', 778685.19420673128, 'ld'),]";
"1424770997";"'PaC'";"[('s', 778686.31423355336, 4503),('e', 778686.65027846338, 'ld'),]";
"1424770997";"'PaC'";"[('s', 778688.97824936954, 4508),('e', 778689.17022805207, 'ld'),]";
"1424770997";"'PaC'";"[('s', 778695.93814834184, 4530),('e', 778696.05815677508, 'ld'),]";
"1424770997";"'PaC'";"[('s', 778697.05011954915, 4532),('e', 778697.16225540114, 'ld'),]";
"1424770997";"'PaC'";"[('s', 778698.5381139589, 4534),('e', 778698.68206386582, 'ld'),]";
"1424770997";"'PaC'";"[('s', 778700.11398457643, 4537),('e', 778700.20197710453, 'ld'),]";
"1424770997";"'PaC'";"[('s', 778703.92196184606, 4542),('e', 778704.20201815886, 'ld'),]";
"1424770997";"'PaC'";"[('s', 778750.54532154673, 4560),('e', 778750.78541410703, 'ld'),]";
"1424770997";"'PaC'";"[('s', 778781.33698915783, 4568),('e', 778781.55300981156, 'ld'),]";
"1424770997";"'PaC'";"[('s', 778786.22478146094, 4576),('e', 778786.48086337105, 'ld'),]";
"1424770997";"'PaC'";"[('s', 778790.93686496874, 4589),('e', 778791.12888128438, 'ld'),]";
"1424770997";"'PaC'";"[('s', 778795.40064720321, 4594),('e', 778795.61674098484, 'ld'),]";
"1424770997";"'PaC'";"[('s', 778798.64862474659, 4602),('e', 778799.28069393663, 'ld'),]";
"1424770997";"'PaC'";"[('s', 778806.88861766469, 4609),('e', 778807.20864671061, 'ld'),]";
"1424770997";"'PaC'";"[('s', 778813.63253276108, 4617),('e', 778813.79249810439, 'ld'),]";
"1424770997";"'PaC'";"[('s', 778818.36044311232, 4628),('e', 778818.46442627313, 'ld'),]";
"1424770997";"'PaC'";"[('s', 778822.08846550738, 4630),('e', 778822.77645401563, 'ld'),]";
"1424770997";"'PaC'";"[('s', 778827.63235485926, 4642),('e', 778827.73635726445, 'ld'),]";
"1424770997";"'PaC'";"[('s', 778843.74414346064, 4655),('e', 778844.18406547466, 'ld'),]";
"1424770997";"'PaC'";"[('s', 778859.56790951302, 4666),('e', 778859.75182659365, 'ld'),]";
"1424770997";"'PaC'";"[('s', 778862.6717387205, 4675),('e', 778863.02388245822, 'ld'),]";
"1424770997";"'PaC'";"[('s', 778874.86359680619, 4691),('e', 778875.05558404175, 'ld'),]";
"1424770997";"'PaC'";"[('s', 778897.07968723751, 4710),('e', 778897.89542112476, 'ld'),]";
"1424770997";"'PaC'";"[('s', 778899.7831881966, 4713),('e', 778899.97083608271, 'ld'),]";
"1424770997";"'PaC'";"[('s', 778906.51106390823, 4728),('e', 778907.24753920361, 'ld'),]";
"1424770997";"'PaC'";"[('s', 778920.63895048213, 4739),('e', 778920.81494366378, 'ld'),]";
"1424770997";"'PaC'";"[('s', 779052.46119838231, 4778),('e', 779052.59731633461, 'ld'),]";
"1424770997";"'PaC'";"[('s', 779069.87706516811, 4794),('e', 779069.98900857824, 'ld'),]";
"1424770997";"'PaC'";"[('s', 779080.06135565683, 4798),('e', 779080.38092362671, 'ld'),]";
"1424770997";"'PaC'";"[('s', 779081.91690019844, 4800),('e', 779082.71674059995, 'ld'),]";
"1424770997";"'PaC'";"[('s', 779096.91656663257, 4809),('e', 779097.26869497495, 'ld'),]";
"1424770997";"'PaC'";"[('s', 779108.14081574208, 4817),('e', 779108.47649280331, 'ld'),]";
"1424770997";"'PaC'";"[('s', 779110.25266884745, 4821),('e', 779110.38038863835, 'ld'),]";
"1424770997";"'PaC'";"[('s', 779134.14820287132, 4833),('e', 779134.36418931314, 'ld'),]";
"1424770997";"'PaC'";"[('s', 779134.80443427281, 4834),('e', 779135.09219032584, 'ld'),]";
"1424770997";"'PaC'";"[('s', 779217.20304836403, 4857),('e', 779217.54706506967, 'ld'),]";
"1424770997";"'PaC'";"[('s', 779225.87493248505, 4866),('e', 779225.93894034694, 'ld'),]";
"1424770997";"'PaC'";"[('s', 779239.77075260575, 4877),('e', 779239.88276016316, 'ld'),]";
"1424770997";"'PaC'";"[('s', 779243.62066038337, 4886),('e', 779243.99469373736, 'ld'),]";
"1424770997";"'PaC'";"[('s', 779248.56250959542, 4895),('e', 779248.69049153489, 'ld'),]";
"1424770997";"'PaC'";"[('s', 779260.13047598558, 4902),('e', 779260.6904936732, 'ld'),]";
"1424770997";"'PaC'";"[('s', 779266.50625884964, 4914),('e', 779266.71430685231, 'ld'),]";
"1424770997";"'PaC'";"[('s', 779267.35559657181, 4915),('e', 779267.97835756466, 'ld'),]";
"1424770997";"'PaC'";"[('s', 779279.18606002734, 4920),('e', 779279.69820545858, 'ld'),]";
"1424770997";"'PaC'";"[('s', 779318.3855563429, 4932),('e', 779318.8015984646, 'ld'),]";
"1424770997";"'PaC'";"[('s', 779362.30513960798, 4940),('e', 779362.44898516871, 'ld'),]";
"1424770997";"'PaC'";"[('s', 779365.81703101611, 4949),('e', 779366.48903316795, 'ld'),]";
"1424770997";"'PaC'";"[('s', 779378.368916112, 4957),('e', 779378.74494188046, 'ld'),]";
"1424770997";"'PaC'";"[('s', 779395.29650624003, 4974),('e', 779395.44864304992, 'ld'),]";
"1424770997";"'PaC'";"[('s', 779400.43242063164, 4983),('e', 779401.27256262803, 'ld'),]";
"1424770997";"'PaC'";"[('s', 779404.54436874588, 4987),('e', 779404.74457110919, 'ld'),]";
"1424770997";"'PaC'";"[('s', 779406.95227399957, 4988),('e', 779407.14443699864, 'ld'),]";
"1424770997";"'PaC'";"[('s', 779411.59226837172, 4994),('e', 779411.86431482795, 'ld'),]";
"1424770997";"'PaC'";"[('s', 779412.63240703242, 4997),('e', 779413.04045212711, 'ld'),]";
"1424770997";"'PaC'";"[('s', 779413.85636783589, 4999),('e', 779414.3203694541, 'ld'),]";
"1424770997";"'PaC'";"[('s', 779434.97607477696, 5016),('e', 779435.25609816075, 'ld'),]";
"1424770997";"'PaC'";"[('s', 779435.81618298905, 5017),('e', 779436.67208169459, 'ld'),]";
"1424770997";"'PaC'";"[('s', 779446.1439417816, 5027),('e', 779446.32795465563, 'ld'),]";
"1428470230";"'PaC'";"[('s', 4476431.003130815, 5039),('e', 4476431.8264995813, 'ld'),]";
"1428470230";"'PaC'";"[('s', 4647867.472929636, 5042),('e', 4647868.0170430755, 'ld'),]";
"1428470230";"'PaC'";"[('s', 4647873.3289202861, 5050),('e', 4647873.8969559548, 'ld'),]";
"1428470230";"'PaC'";"[('s', 4647878.5208429461, 5059),('e', 4647878.8008851465, 'ld'),]";
"1428470230";"'PaC'";"[('s', 4647882.224831068, 5064),('e', 4647882.5448237639, 'ld'),]";
"1428470230";"'PaC'";"[('s', 4647884.1608001133, 5071),('e', 4647885.056801985, 'ld'),]";
"1428470230";"'PaC'";"[('s', 4647889.4327208409, 5080),('e', 4647889.8087346349, 'ld'),]";
"1428470230";"'PaC'";"[('s', 4647891.0327005703, 5083),('e', 4647891.2247211626, 'ld'),]";
"1428470230";"'PaC'";"[('s', 4647891.9366939096, 5086),('e', 4647892.0807122402, 'ld'),]";
"1428470230";"'PaC'";"[('s', 4647892.9371011043, 5088),('e', 4647893.1686795373, 'ld'),]";
"1428470230";"'PaC'";"[('s', 4647894.9205360664, 5092),('e', 4647895.1126652807, 'ld'),]";
"1428470230";"'PaC'";"[('s', 4647895.5206453726, 5093),('e', 4647896.1766513325, 'ld'),]";
"1428470230";"'PaC'";"[('s', 4647897.5046158237, 5097),('e', 4647897.7846092721, 'ld'),]";
"1428470230";"'PaC'";"[('s', 4647899.2085876949, 5098),('e', 4647899.8806039598, 'ld'),]";
"1428470230";"'PaC'";"[('s', 4647943.1839615563, 5112),('e', 4647943.4159707045, 'ld'),]";
"1428470230";"'PaC'";"[('s', 4647946.4558369527, 5120),('e', 4647946.5839531738, 'ld'),]";
"1428470230";"'PaC'";"[('s', 4647947.3360171132, 5122),('e', 4647947.9279484972, 'ld'),]";
"1428470230";"'PaC'";"[('s', 4647949.2077969732, 5125),('e', 4647949.3919129102, 'ld'),]";
"1428470230";"'PaC'";"[('s', 4647952.119746712, 5134),('e', 4647952.5198777439, 'ld'),]";
"1428470230";"'PaC'";"[('s', 4647953.4158436926, 5136),('e', 4647953.7038581166, 'ld'),]";
"1428470230";"'PaC'";"[('s', 4647953.9678027723, 5137),('e', 4647954.0802238658, 'ld'),]";
"1428470230";"'PaC'";"[('s', 4647959.9117282173, 5151),('e', 4647960.5837637261, 'ld'),]";
"1428470230";"'PaC'";"[('s', 4647961.6717211865, 5154),('e', 4647961.7677107416, 'ld'),]";
"1428470230";"'PaC'";"[('s', 4647962.8237399654, 5155),('e', 4647963.7196960784, 'ld'),]";
"1428470230";"'PaC'";"[('s', 4647964.1197172049, 5157),('e', 4647964.4957121825, 'ld'),]";
"1428470230";"'PaC'";"[('s', 4647966.1115722116, 5160),('e', 4647966.2716949293, 'ld'),]";
"1428470230";"'PaC'";"[('s', 4647966.8956725821, 5162),('e', 4647967.0077596819, 'ld'),]";
"1428470230";"'PaC'";"[('s', 4647976.6475530593, 5176),('e', 4647977.0555541059, 'ld'),]";
"1428470230";"'PaC'";"[('s', 4649899.1573720826, 5185),('e', 4649899.6534841163, 'ld'),]";
"1428470230";"'PaC'";"[('s', 4649901.2212495124, 5188),('e', 4649901.4533544537, 'ld'),]";
"1428470230";"'PaC'";"[('s', 4649903.5013263514, 5192),('e', 4649903.8612036854, 'ld'),]";
"1428470230";"'PaC'";"[('s', 4649905.4132692488, 5194),('e', 4649906.3653011993, 'ld'),]";
"1428470230";"'PaC'";"[('s', 4649908.453044408, 5199),('e', 4649908.805247589, 'ld'),]";
"1428470230";"'PaC'";"[('s', 4649936.1888606977, 5207),('e', 4649936.3888941398, 'ld'),]";
"1428470230";"'PaC'";"[('s', 4649937.5327431215, 5208),('e', 4649937.8288734583, 'ld'),]";
"1428470230";"'PaC'";"[('s', 4649938.6606621966, 5211),('e', 4649939.1168511044, 'ld'),]";
"1428470230";"'PaC'";"[('s', 4649939.740831323, 5213),('e', 4649940.220828278, 'ld'),]";
"1428470230";"'PaC'";"[('s', 4649967.8604411874, 5230),('e', 4649968.1484393608, 'ld'),]";
"1428470230";"'PaC'";"[('s', 4649969.1804120736, 5233),('e', 4649969.6124345642, 'ld'),]";
"1428470230";"'PaC'";"[('s', 4649972.5723955454, 5237),('e', 4649973.0683925422, 'ld'),]";
"1428470230";"'PaC'";"[('s', 4649976.068334382, 5243),('e', 4649976.5163410911, 'ld'),]";
"1428470230";"'PaC'";"[('s', 4649979.0602791943, 5252),('e', 4649979.2683079531, 'ld'),]";
"1428470230";"'PaC'";"[('s', 4649980.3402756369, 5255),('e', 4649980.7242894517, 'ld'),]";
"1428470230";"'PaC'";"[('s', 4649981.6281467983, 5258),('e', 4649981.9642366115, 'ld'),]";
"1428470230";"'PaC'";"[('s', 4649982.5402466422, 5260),('e', 4649982.8202473605, 'ld'),]";
"1428470230";"'PaC'";"[('s', 4649983.6202327348, 5262),('e', 4649983.8282003393, 'ld'),]";
"1428470230";"'PaC'";"[('s', 4649984.6840969073, 5265),('e', 4649984.9882221324, 'ld'),]";
"1428470230";"'PaC'";"[('s', 4649986.3641931619, 5270),('e', 4649986.5482090292, 'ld'),]";
"1428470230";"'PaC'";"[('s', 4649988.3000625651, 5272),('e', 4649988.564154759, 'ld'),]";
"1428470230";"'PaC'";"[('s', 4649989.1241561957, 5275),('e', 4649989.2441663397, 'ld'),]";
"1428470230";"'PaC'";"[('s', 4649990.3481264077, 5277),('e', 4649990.516156774, 'ld'),]";
"1428470230";"'PaC'";"[('s', 4649991.1961016422, 5281),('e', 4649991.3161263261, 'ld'),]";
"1428470230";"'PaC'";"[('s', 4649992.4679950001, 5285),('e', 4649992.7084963918, 'ld'),]";
"1428470230";"'PaC'";"[('s', 4649993.612087314, 5290),('e', 4649993.7644144269, 'ld'),]";
"1428470230";"'PaC'";"[('s', 4649995.7320491336, 5296),('e', 4649995.8920722092, 'ld'),]";
"1428470230";"'PaC'";"[('s', 4649996.548055076, 5297),('e', 4649996.9160667118, 'ld'),]";
"1428470230";"'PaC'";"[('s', 4650000.3720097216, 5307),('e', 4650000.7080212748, 'ld'),]";
"1428470230";"'PaC'";"[('s', 4650002.9799591079, 5312),('e', 4650003.2279503364, 'ld'),]";
"1428470230";"'PaC'";"[('s', 4650003.9159905901, 5315),('e', 4650004.0599653004, 'ld'),]";
"1428470230";"'PaC'";"[('s', 4650005.4439239483, 5320),('e', 4650006.3319129702, 'ld'),]";
"1428470230";"'PaC'";"[('s', 4650007.8998947553, 5326),('e', 4650008.0439118035, 'ld'),]";
"1428470230";"'PaC'";"[('s', 4650009.635885953, 5330),('e', 4650009.9079892868, 'ld'),]";
"1428470230";"'PaC'";"[('s', 4650011.2438511625, 5334),('e', 4650012.0278625833, 'ld'),]";
"1428470230";"'PaC'";"[('s', 4650014.8358064955, 5343),('e', 4650015.0038069272, 'ld'),]";
"1428470230";"'PaC'";"[('s', 4650016.0597844049, 5348),('e', 4650016.1877975632, 'ld'),]";
"1428470230";"'PaC'";"[('s', 4650017.1717727184, 5352),('e', 4650017.4120141007, 'ld'),]";
"1428470230";"'PaC'";"[('s', 4650025.627634475, 5371),('e', 4650025.8757317597, 'ld'),]";
"1428470230";"'PaC'";"[('s', 4650028.8195827948, 5374),('e', 4650029.1396849686, 'ld'),]";
"1428470230";"'PaC'";"[('s', 4650031.6995683741, 5383),('e', 4650031.9315907797, 'ld'),]";
"1428470230";"'PaC'";"[('s', 4650032.8274455396, 5387),('e', 4650032.9235847723, 'ld'),]";
"1428470230";"'PaC'";"[('s', 4650035.7555227596, 5394),('e', 4650036.0595380794, 'ld'),]";
"1428470230";"'PaC'";"[('s', 4651202.7716549439, 5411),('e', 4651203.1316609997, 'ld'),]";
"1428470230";"'PaC'";"[('s', 4651215.2434500288, 5421),('e', 4651215.3954893351, 'ld'),]";
"1428470230";"'PaC'";"[('s', 4651216.7314367406, 5425),('e', 4651216.867459327, 'ld'),]";
"1428470230";"'PaC'";"[('s', 4651217.6114163334, 5427),('e', 4651217.8194566388, 'ld'),]";
"1428470230";"'PaC'";"[('s', 4651219.6274039727, 5430),('e', 4651220.09141842, 'ld'),]";
"1428470230";"'PaC'";"[('s', 4651221.1953853304, 5432),('e', 4651221.3313784096, 'ld'),]";
"1428470230";"'PaC'";"[('s', 4651223.7553589707, 5435),('e', 4651224.1073555974, 'ld'),]";
"1428470230";"'PaC'";"[('s', 4651224.7633320494, 5436),('e', 4651225.0673563499, 'ld'),]";
"1428470230";"'PaC'";"[('s', 4651225.3393168487, 5438),('e', 4651225.5154212192, 'ld'),]";
"1428470230";"'PaC'";"[('s', 4651229.1232555686, 5442),('e', 4651229.3152701734, 'ld'),]";
"1428470230";"'PaC'";"[('s', 4651231.4112413395, 5447),('e', 4651231.5872597527, 'ld'),]";
"1428470230";"'PaC'";"[('s', 4651234.9391293675, 5455),('e', 4651235.0432027625, 'ld'),]";
"1428470230";"'PaC'";"[('s', 4651236.0911763711, 5457),('e', 4651236.6351978667, 'ld'),]";
"1428470230";"'PaC'";"[('s', 4651238.7070359727, 5464),('e', 4651238.8271799702, 'ld'),]";
"1428470230";"'PaC'";"[('s', 4651240.5391202159, 5466),('e', 4651240.7790340194, 'ld'),]";
"1428470230";"'PaC'";"[('s', 4651242.5628987551, 5468),('e', 4651242.7709253756, 'ld'),]";
"1428470230";"'PaC'";"[('s', 4651245.5550257461, 5473),('e', 4651245.7870712448, 'ld'),]";
"1428470230";"'PaC'";"[('s', 4651246.8030426335, 5476),('e', 4651246.9950550999, 'ld'),]";
"1428470230";"'PaC'";"[('s', 4651248.2428966518, 5482),('e', 4651248.6110169096, 'ld'),]";
"1428470230";"'PaC'";"[('s', 4651251.2669771109, 5488),('e', 4651251.5869916165, 'ld'),]";
"1428470230";"'PaC'";"[('s', 4651253.3148801578, 5493),('e', 4651253.4989623111, 'ld'),]";
"1428470230";"'PaC'";"[('s', 4651253.8913315954, 5495),('e', 4651254.1868584473, 'ld'),]";
"1428470230";"'PaC'";"[('s', 4651254.6509203641, 5497),('e', 4651255.0029499196, 'ld'),]";
"1428470230";"'PaC'";"[('s', 4651256.3069083625, 5500),('e', 4651256.7389231557, 'ld'),]";
"1428470230";"'PaC'";"[('s', 4651259.2428692821, 5510),('e', 4651259.4188812803, 'ld'),]";
"1428470230";"'PaC'";"[('s', 4651260.610837725, 5513),('e', 4651260.9468651013, 'ld'),]";
"1428470230";"'PaC'";"[('s', 4651263.4668065645, 5524),('e', 4651263.5868111495, 'ld'),]";
"1428470230";"'PaC'";"[('s', 4651265.6267847372, 5529),('e', 4651265.7308059596, 'ld'),]";
"1428470230";"'PaC'";"[('s', 4651266.5625861445, 5531),('e', 4651266.9787766598, 'ld'),]";
"1428470230";"'PaC'";"[('s', 4651268.4185434375, 5533),('e', 4651269.354751966, 'ld'),]";
"1428470230";"'PaC'";"[('s', 4651270.3307228247, 5536),('e', 4651270.4427299537, 'ld'),]";
"1428470230";"'PaC'";"[('s', 4651271.9466944691, 5538),('e', 4651272.1946044443, 'ld'),]";
"1428470230";"'PaC'";"[('s', 4651273.3226736244, 5542),('e', 4651273.5626904909, 'ld'),]";
"1428470230";"'PaC'";"[('s', 4651274.8826848967, 5545),('e', 4651275.3626630353, 'ld'),]";
"1428470230";"'PaC'";"[('s', 4651276.7146314373, 5548),('e', 4651276.9146293849, 'ld'),]";
"1428470230";"'PaC'";"[('s', 4651277.930618735, 5551),('e', 4651278.1466304073, 'ld'),]";
"1428470230";"'PaC'";"[('s', 4651278.8986019744, 5553),('e', 4651279.0346177183, 'ld'),]";
"1428470230";"'PaC'";"[('s', 4651280.0266061518, 5555),('e', 4651280.1066290224, 'ld'),]";
"1428470230";"'PaC'";"[('s', 4651280.6345816255, 5557),('e', 4651280.7705913819, 'ld'),]";
"1428470230";"'PaC'";"[('s', 4651282.8425475191, 5560),('e', 4651283.0745652206, 'ld'),]";
"1428470230";"'PaC'";"[('s', 4651283.2105407659, 5561),('e', 4651283.4586179508, 'ld'),]";
"1428470230";"'PaC'";"[('s', 4651285.9063445507, 5565),('e', 4651286.00246967, 'ld'),]";
"1428470230";"'PaC'";"[('s', 4651286.8263195418, 5567),('e', 4651287.2903630696, 'ld'),]";
"1428470230";"'PaC'";"[('s', 4651288.2744793482, 5570),('e', 4651288.39447538, 'ld'),]";
"1428470230";"'PaC'";"[('s', 4651289.5544839157, 5575),('e', 4651290.090473745, 'ld'),]";
"1428470230";"'PaC'";"[('s', 4651291.2664395571, 5578),('e', 4651291.5704407645, 'ld'),]";
"1428470230";"'PaC'";"[('s', 4651291.9384476962, 5580),('e', 4651292.2424416337, 'ld'),]";
"1428470230";"'PaC'";"[('s', 4651305.4582399102, 5589),('e', 4651305.7302504433, 'ld'),]";
"1428470230";"'PaC'";"[('s', 4651927.0097807487, 5605),('e', 4651927.233802706, 'ld'),]";
"1428470230";"'PaC'";"[('s', 4651928.0977681456, 5607),('e', 4651929.0657680631, 'ld'),]";
"1428470230";"'PaC'";"[('s', 4651944.4815510297, 5619),('e', 4651945.0895624254, 'ld'),]";
"1428470230";"'PaC'";"[('s', 4651949.3774814839, 5624),('e', 4651950.257479893, 'ld'),]";
"1428470230";"'PaC'";"[('s', 4651952.9694312578, 5631),('e', 4651953.105438021, 'ld'),]";
"1428470230";"'PaC'";"[('s', 4651954.2414195538, 5634),('e', 4651954.4014306553, 'ld'),]";
"1428470230";"'PaC'";"[('s', 4651956.2093989439, 5641),('e', 4651956.3133162474, 'ld'),]";
"1428470230";"'PaC'";"[('s', 4651965.4252639338, 5643),('e', 4651965.9852717854, 'ld'),]";
"1428470230";"'PaC'";"[('s', 4651967.8252260443, 5649),('e', 4651967.9212451074, 'ld'),]";
"1428470230";"'PaC'";"[('s', 4651968.769220341, 5650),('e', 4651969.1932175802, 'ld'),]";
"1428470230";"'PaC'";"[('s', 4651978.7131102914, 5662),('e', 4651979.2410932574, 'ld'),]";
"1428470230";"'PaC'";"[('s', 4651983.2250222266, 5666),('e', 4651983.3450349364, 'ld'),]";
"1428470230";"'PaC'";"[('s', 4651983.65701521, 5667),('e', 4651983.8330498738, 'ld'),]";
"1428470230";"'PaC'";"[('s', 4651985.2569949394, 5669),('e', 4651985.3929349901, 'ld'),]";
"1428470230";"'PaC'";"[('s', 4651990.1449317876, 5682),('e', 4651990.3369382676, 'ld'),]";
"1428470230";"'PaC'";"[('s', 4652001.9127674028, 5688),('e', 4652002.0167834936, 'ld'),]";
"1428470230";"'PaC'";"[('s', 4652024.3523537135, 5696),('e', 4652024.8324712655, 'ld'),]";
"1428470230";"'PaC'";"[('s', 4652027.7604159135, 5704),('e', 4652028.5764085995, 'ld'),]";
"1428470230";"'PaC'";"[('s', 4652029.3443943197, 5709),('e', 4652029.4084090237, 'ld'),]";
"1428470230";"'PaC'";"[('s', 4652030.2483945005, 5711),('e', 4652030.7204042645, 'ld'),]";
"1428470230";"'PaC'";"[('s', 4652032.1683476819, 5716),('e', 4652032.3364208126, 'ld'),]";
"1428470230";"'PaC'";"[('s', 4652033.040342221, 5717),('e', 4652033.8403455568, 'ld'),]";
"1428470230";"'PaC'";"[('s', 4652034.0563298604, 5719),('e', 4652034.4563710857, 'ld'),]";
"1428470230";"'PaC'";"[('s', 4652055.6560581326, 5734),('e', 4652055.9520503394, 'ld'),]";
"1428470230";"'PaC'";"[('s', 4652057.4080194356, 5740),('e', 4652057.6400170373, 'ld'),]";
"1428470230";"'PaC'";"[('s', 4652065.3918992253, 5744),('e', 4652065.8639085619, 'ld'),]";
"1428470230";"'PaC'";"[('s', 4652069.9198325844, 5748),('e', 4652070.0557752009, 'ld'),]";
"1428470230";"'PaC'";"[('s', 4652072.5997791626, 5753),('e', 4652072.7917249156, 'ld'),]";
"1428470230";"'PaC'";"[('s', 4652073.3917662269, 5754),('e', 4652073.6477715876, 'ld'),]";
"1428470230";"'PaC'";"[('s', 4652076.8956717271, 5758),('e', 4652077.1757126441, 'ld'),]";
"1428470230";"'PaC'";"[('s', 4652077.6875856631, 5760),('e', 4652078.0397366714, 'ld'),]";
"1428470230";"'PaC'";"[('s', 4652080.2796966601, 5764),('e', 4652080.5916363075, 'ld'),]";
"1428470230";"'PaC'";"[('s', 4652102.4952088399, 5791),('e', 4652102.76741096, 'ld'),]";
"1428470230";"'PaC'";"[('s', 4652109.6073087696, 5799),('e', 4652109.8792051207, 'ld'),]";
"1428470230";"'PaC'";"[('s', 4652113.1032634284, 5811),('e', 4652113.5511110518, 'ld'),]";
"1428470230";"'PaC'";"[('s', 4652115.263232193, 5819),('e', 4652115.7030986128, 'ld'),]";
"1428470230";"'PaC'";"[('s', 4652117.9750706581, 5825),('e', 4652118.6071860343, 'ld'),]";
"1428470230";"'PaC'";"[('s', 4652129.6150368052, 5855),('e', 4652130.3111258317, 'ld'),]";
"1428470230";"'PaC'";"[('s', 4652137.6627760632, 5865),('e', 4652137.8389629694, 'ld'),]";
"1428470230";"'PaC'";"[('s', 4652141.8708685413, 5870),('e', 4652142.2627703324, 'ld'),]";
"1428470230";"'PaC'";"[('s', 4652142.8068589689, 5874),('e', 4652142.9828538606, 'ld'),]";
"1428470230";"'PaC'";"[('s', 4652230.677640697, 5881),('e', 4652230.9976894148, 'ld'),]";
"1428470230";"'PaC'";"[('s', 4652233.3816241147, 5886),('e', 4652234.2377156895, 'ld'),]";
"1428470230";"'PaC'";"[('s', 4652234.9656097908, 5889),('e', 4652235.7175954692, 'ld'),]";
"1428470230";"'PaC'";"[('s', 4652240.3415337782, 5896),('e', 4652240.749550648, 'ld'),]";
"1428470230";"'PaC'";"[('s', 4652243.9734883588, 5901),('e', 4652244.1654927004, 'ld'),]";
"1428470230";"'PaC'";"[('s', 4652245.1978952736, 5904),('e', 4652245.3574705273, 'ld'),]";
"1428470230";"'PaC'";"[('s', 4652248.8774162671, 5912),('e', 4652249.1814102056, 'ld'),]";
"1428470230";"'PaC'";"[('s', 4652258.917104614, 5919),('e', 4652259.6212753421, 'ld'),]";
"1428470230";"'PaC'";"[('s', 4652264.125167585, 5926),('e', 4652264.4853823325, 'ld'),]";
"1428470230";"'PaC'";"[('s', 4652265.0450882642, 5929),('e', 4652265.4291995829, 'ld'),]";
"1428470230";"'PaC'";"[('s', 4652270.1650877176, 5934),('e', 4652270.6291295346, 'ld'),]";
"1428470230";"'PaC'";"[('s', 4652271.3330945633, 5937),('e', 4652271.4291127706, 'ld'),]";
"1428470230";"'PaC'";"[('s', 4652271.8770895442, 5939),('e', 4652272.109104679, 'ld'),]";
"1428470230";"'PaC'";"[('s', 4652277.8449680097, 5948),('e', 4652278.3090230841, 'ld'),]";
"1428470230";"'PaC'";"[('s', 4652279.0929960152, 5954),('e', 4652279.6769966586, 'ld'),]";
"1428470230";"'PaC'";"[('s', 4653100.809820435, 5981),('e', 4653100.96981999, 'ld'),]";
"1428470230";"'PaC'";"[('s', 4653107.0336939981, 5989),('e', 4653107.2097384976, 'ld'),]";
"1428470230";"'PaC'";"[('s', 4653108.8417050513, 5995),('e', 4653109.1937042447, 'ld'),]";
"1428470230";"'PaC'";"[('s', 4653110.1056834916, 6001),('e', 4653110.5377076929, 'ld'),]";
"1428470230";"'PaC'";"[('s', 4653114.9616104215, 6008),('e', 4653115.5856351154, 'ld'),]";
"1428470230";"'PaC'";"[('s', 4653120.105576152, 6012),('e', 4653120.409559398, 'ld'),]";
"1428470230";"'PaC'";"[('s', 4653121.417437111, 6015),('e', 4653121.7535388982, 'ld'),]";
"1428470230";"'PaC'";"[('s', 4653122.737423392, 6020),('e', 4653123.0573403938, 'ld'),]";
"1428470230";"'PaC'";"[('s', 4653124.0574417468, 6021),('e', 4653124.4255034169, 'ld'),]";
"1428470230";"'PaC'";"[('s', 4653124.6254855413, 6023),('e', 4653124.8094941387, 'ld'),]";
"1428470230";"'PaC'";"[('s', 4653125.4814783297, 6024),('e', 4653125.6014863355, 'ld'),]";
"1428470230";"'PaC'";"[('s', 4653126.6254453426, 6026),('e', 4653126.873444696, 'ld'),]";
"1428470230";"'PaC'";"[('s', 4653129.2414268237, 6030),('e', 4653129.657430457, 'ld'),]";
"1428470230";"'PaC'";"[('s', 4653130.4258447541, 6031),('e', 4653130.6174282162, 'ld'),]";
"1428470230";"'PaC'";"[('s', 4653133.6653629085, 6035),('e', 4653134.0253805108, 'ld'),]";
"1428470230";"'PaC'";"[('s', 4653134.849351407, 6041),('e', 4653135.0493600452, 'ld'),]";
"1428470230";"'PaC'";"[('s', 4653137.9857196072, 6044),('e', 4653138.4653127883, 'ld'),]";
"1428470230";"'PaC'";"[('s', 4653141.3372662738, 6052),('e', 4653141.5532762362, 'ld'),]";
"1428470230";"'PaC'";"[('s', 4653144.9052155586, 6060),('e', 4653145.7692216244, 'ld'),]";
"1428470230";"'PaC'";"[('s', 4653149.0891488893, 6072),('e', 4653149.2331573842, 'ld'),]";
"1428470230";"'PaC'";"[('s', 4653152.8091118215, 6078),('e', 4653153.1291156355, 'ld'),]";
"1428470230";"'PaC'";"[('s', 4653154.2330628745, 6085),('e', 4653154.5050990665, 'ld'),]";
"1428470230";"'PaC'";"[('s', 4653155.6810601745, 6089),('e', 4653155.9850831926, 'ld'),]";
"1428470230";"'PaC'";"[('s', 4653160.0809568549, 6104),('e', 4653160.8410084127, 'ld'),]";
"1428470230";"'PaC'";"[('s', 4653162.2729872828, 6111),('e', 4653163.0169464275, 'ld'),]";
"1428470230";"'PaC'";"[('s', 4653164.4249218153, 6115),('e', 4653164.8408779791, 'ld'),]";
"1428470230";"'PaC'";"[('s', 4653166.0808093166, 6119),('e', 4653166.424925236, 'ld'),]";
"1428470230";"'PaC'";"[('s', 4653167.3607886527, 6123),('e', 4653167.5049271518, 'ld'),]";
"1428470230";"'PaC'";"[('s', 4653167.8168963064, 6124),('e', 4653168.3207988134, 'ld'),]";
"1428470230";"'PaC'";"[('s', 4653169.7366685923, 6129),('e', 4653169.9928685334, 'ld'),]";
"1428470230";"'PaC'";"[('s', 4653172.1847958984, 6133),('e', 4653172.3207923984, 'ld'),]";
"1428470230";"'PaC'";"[('s', 4653172.6088081049, 6134),('e', 4653172.880781861, 'ld'),]";
"1428470230";"'PaC'";"[('s', 4653173.9528218172, 6136),('e', 4653174.4328187723, 'ld'),]";
"1428470230";"'PaC'";"[('s', 4653177.3687826861, 6141),('e', 4653177.5446800739, 'ld'),]";
"1428470230";"'PaC'";"[('s', 4654168.9552752366, 6148),('e', 4654169.3552946523, 'ld'),]";
"1428470230";"'PaC'";"[('s', 4654173.2512340862, 6158),('e', 4654173.5552323004, 'ld'),]";
"1428470230";"'PaC'";"[('s', 4654175.7311741645, 6164),('e', 4654175.979224408, 'ld'),]";
"1428470230";"'PaC'";"[('s', 4654176.4670635816, 6167),('e', 4654176.6511897827, 'ld'),]";
"1428470230";"'PaC'";"[('s', 4654177.0029606102, 6168),('e', 4654177.4111870285, 'ld'),]";
"1428470230";"'PaC'";"[('s', 4654180.2271057302, 6178),('e', 4654180.5391488681, 'ld'),]";
"1428470230";"'PaC'";"[('s', 4654183.3150892779, 6184),('e', 4654183.4990965929, 'ld'),]";
"1428470230";"'PaC'";"[('s', 4654189.3869988015, 6190),('e', 4654189.6990000298, 'ld'),]";
"1428470230";"'PaC'";"[('s', 4654191.2189577436, 6196),('e', 4654191.3949842816, 'ld'),]";
"1428470230";"'PaC'";"[('s', 4654192.0187724866, 6199),('e', 4654192.346968336, 'ld'),]";
"1428470230";"'PaC'";"[('s', 4654192.8909492046, 6201),('e', 4654193.2588603422, 'ld'),]";
"1428470230";"'PaC'";"[('s', 4654194.2989066308, 6205),('e', 4654194.506955917, 'ld'),]";
"1428470230";"'PaC'";"[('s', 4654197.9388898844, 6210),('e', 4654198.0828996617, 'ld'),]";
"1428470230";"'PaC'";"[('s', 4654198.4988678005, 6211),('e', 4654198.9868942844, 'ld'),]";
"1428470230";"'PaC'";"[('s', 4655351.8831809694, 6226),('e', 4655352.1712150648, 'ld'),]";
"1428470230";"'PaC'";"[('s', 4655354.0670279153, 6230),('e', 4655354.3391637504, 'ld'),]";
"1428470230";"'PaC'";"[('s', 4655354.8990920596, 6232),('e', 4655354.9950696407, 'ld'),]";
"1428470230";"'PaC'";"[('s', 4655356.9870880088, 6237),('e', 4655357.3071499839, 'ld'),]";
"1428470230";"'PaC'";"[('s', 4655358.1231016144, 6241),('e', 4655358.2350989087, 'ld'),]";
"1428470230";"'PaC'";"[('s', 4655359.3790757572, 6244),('e', 4655359.9790790072, 'ld'),]";
"1428470230";"'PaC'";"[('s', 4655360.9070647107, 6246),('e', 4655361.5470578, 'ld'),]";
"1428470230";"'PaC'";"[('s', 4655361.9549664743, 6248),('e', 4655362.1149993865, 'ld'),]";
"1428470230";"'PaC'";"[('s', 4655362.4590066839, 6249),('e', 4655362.8110465026, 'ld'),]";
"1428470230";"'PaC'";"[('s', 4655363.5790206762, 6252),('e', 4655363.6670243237, 'ld'),]";
"1428470230";"'PaC'";"[('s', 4655364.5469936524, 6253),('e', 4655364.6430289662, 'ld'),]";
"1428470230";"'PaC'";"[('s', 4655370.9869062584, 6260),('e', 4655371.3389422288, 'ld'),]";
"1428470230";"'PaC'";"[('s', 4655371.970913915, 6262),('e', 4655372.0509111267, 'ld'),]";
"1428470230";"'PaC'";"[('s', 4657172.2584100282, 6264),('e', 4657172.6184254922, 'ld'),]";
"1428470230";"'PaC'";"[('s', 4657174.4021726251, 6268),('e', 4657174.8503965801, 'ld'),]";
"1428470230";"'PaC'";"[('s', 4657177.7303466648, 6279),('e', 4657178.7223427957, 'ld'),]";
"1428470230";"'PaC'";"[('s', 4657179.2663091244, 6281),('e', 4657179.3623354565, 'ld'),]";
"1428470230";"'PaC'";"[('s', 4659081.5764368242, 6287),('e', 4659081.8007884985, 'ld'),]";
"1428470230";"'PaC'";"[('s', 4664727.5518645691, 6302),('e', 4664727.673072556, 'ld'),]";
"1428470230";"'PaC'";"[('s', 4664728.1530417874, 6304),('e', 4664728.406284038, 'ld'),]";
"1428470230";"'PaC'";"[('s', 4664730.3746722611, 6311),('e', 4664730.6650340473, 'ld'),]";
"1428883647";"'PaC'";"[('s', 85.261719611972012, 6316),('e', 85.581712273583335, 'ld'),]";
"1428883647";"'PaC'";"[('s', 87.269685355894751, 6323),('e', 87.581688753106846, 'ld'),]";
"1428883647";"'PaC'";"[('s', 92.765563713122035, 6330),('e', 93.301554746261104, 'ld'),]";
"1428883647";"'PaC'";"[('s', 94.261590035528755, 6332),('e', 94.541506371055618, 'ld'),]";
"1428883647";"'PaC'";"[('s', 95.453588112836712, 6335),('e', 95.597605701021394, 'ld'),]";
"1428883647";"'PaC'";"[('s', 98.037525851141893, 6340),('e', 98.437521916807654, 'ld'),]";
"1428883647";"'PaC'";"[('s', 174.73181353992578, 6347),('e', 175.34786057745762, 'ld'),]";
"1428883647";"'PaC'";"[('s', 180.1237309633816, 6362),('e', 180.42773269448867, 'ld'),]";
"1428883647";"'PaC'";"[('s', 180.82778050520272, 6363),('e', 181.09963060022545, 'ld'),]";
"1428883647";"'PaC'";"[('s', 1929.0777351748297, 6378),('e', 1929.7337349490333, 'ld'),]";
"1428883647";"'PaC'";"[('s', 1949.8772055792281, 6396),('e', 1950.2612894010747, 'ld'),]";
"1428883647";"'PaC'";"[('s', 1956.9491136629165, 6403),('e', 1957.3971316992731, 'ld'),]";
"1428883647";"'PaC'";"[('s', 1972.836586143959, 6416),('e', 1973.1727549063714, 'ld'),]";
"1428883647";"'PaC'";"[('s', 1977.9645426678549, 6431),('e', 1978.2766854773458, 'ld'),]";
"1428883647";"'PaC'";"[('s', 1991.188391319148, 6439),('e', 1991.6843928381431, 'ld'),]";
"1428883647";"'PaC'";"[('s', 2001.6361407944275, 6461),('e', 2001.9801701000861, 'ld'),]";
"1428883647";"'PaC'";"[('s', 2004.6039194522039, 6466),('e', 2005.0280984165161, 'ld'),]";
"1428883647";"'PaC'";"[('s', 2005.3079651452197, 6468),('e', 2005.6279022129775, 'ld'),]";
"1428883647";"'PaC'";"[('s', 2007.1159769037474, 6470),('e', 2007.3720520290046, 'ld'),]";
"1428883647";"'PaC'";"[('s', 2008.3559811288803, 6473),('e', 2008.7400114950983, 'ld'),]";
"1428883647";"'PaC'";"[('s', 2009.6999804993868, 6474),('e', 2010.4759766129487, 'ld'),]";
"1428883647";"'PaC'";"[('s', 2015.5718507792549, 6479),('e', 2015.7398682340142, 'ld'),]";
"1428883647";"'PaC'";"[('s', 2021.6117128551805, 6489),('e', 2022.1477286917311, 'ld'),]";
"1428883647";"'PaC'";"[('s', 2023.6196666250426, 6495),('e', 2023.7556915276678, 'ld'),]";
"1428883647";"'PaC'";"[('s', 2077.538499171224, 6519),('e', 2077.8425051787813, 'ld'),]";
"1428883647";"'PaC'";"[('s', 2079.1382644796331, 6522),('e', 2079.4584893524943, 'ld'),]";
"1428883647";"'PaC'";"[('s', 2093.6821541164254, 6535),('e', 2094.2501578010151, 'ld'),]";
"1428883647";"'PaC'";"[('s', 2109.8496973128499, 6555),('e', 2110.3058341900487, 'ld'),]";
"1428883647";"'PaC'";"[('s', 2136.8491264067384, 6591),('e', 2137.0412313953029, 'ld'),]";
"1428883647";"'PaC'";"[('s', 2138.5290636113427, 6595),('e', 2138.9691843269807, 'ld'),]";
"1428883647";"'PaC'";"[('s', 2142.904990104294, 6599),('e', 2143.2330960473623, 'ld'),]";
"1428883647";"'PaC'";"[('s', 2166.0085221101031, 6622),('e', 2166.3845863047536, 'ld'),]";
"1428883647";"'PaC'";"[('s', 2212.8554709483628, 6662),('e', 2213.415562772303, 'ld'),]";
"1428883647";"'PaC'";"[('s', 2216.8954570413466, 6674),('e', 2217.3754855909283, 'ld'),]";
"1428883647";"'PaC'";"[('s', 2219.0954298431225, 6680),('e', 2219.4634359225242, 'ld'),]";
"1428883647";"'PaC'";"[('s', 2220.5752958875942, 6683),('e', 2221.175385350934, 'ld'),]";
"1428883647";"'PaC'";"[('s', 2224.4151282849552, 6690),('e', 2224.7753336914147, 'ld'),]";
"1428883647";"'PaC'";"[('s', 2225.0793452583575, 6691),('e', 2225.6232896337133, 'ld'),]";
"1428883647";"'PaC'";"[('s', 2227.7832374268087, 6697),('e', 2228.1670539705128, 'ld'),]";
"1428883647";"'PaC'";"[('s', 2228.6871284833824, 6701),('e', 2228.9832281896761, 'ld'),]";
"1428883647";"'PaC'";"[('s', 2231.5597043775456, 6708),('e', 2231.839160994668, 'ld'),]";
"1428883647";"'PaC'";"[('s', 2250.5027082759575, 6715),('e', 2250.7027661790944, 'ld'),]";
"1428883647";"'PaC'";"[('s', 2256.286585887372, 6721),('e', 2256.6946332259658, 'ld'),]";
"1428883647";"'PaC'";"[('s', 2262.3424175115506, 6725),('e', 2262.694412988777, 'ld'),]";
"1428883647";"'PaC'";"[('s', 2263.4063611342513, 6727),('e', 2263.7504759689155, 'ld'),]";
"1428883647";"'PaC'";"[('s', 2266.4864509226013, 6734),('e', 2266.542658874404, 'ld'),]";
"1428883647";"'PaC'";"[('s', 2278.4139206153982, 6765),('e', 2278.8539703419619, 'ld'),]";
"1428883647";"'PaC'";"[('s', 2279.5261346705506, 6767),('e', 2279.9580065412583, 'ld'),]";
"1428883647";"'PaC'";"[('s', 2283.3738190582571, 6771),('e', 2283.5822280134862, 'ld'),]";
"1428883647";"'PaC'";"[('s', 2296.2935479484158, 6787),('e', 2296.7977628178046, 'ld'),]";
"1428883647";"'PaC'";"[('s', 2298.1175228405209, 6792),('e', 2298.2935304149696, 'ld'),]";
"1428883647";"'PaC'";"[('s', 2302.3176008429737, 6797),('e', 2302.5975736276441, 'ld'),]";
"1428883647";"'PaC'";"[('s', 2312.8373854125148, 6803),('e', 2313.6213960215327, 'ld'),]";
"1428883647";"'PaC'";"[('s', 2317.4452986416281, 6813),('e', 2318.2532860243896, 'ld'),]";
"1428883647";"'PaC'";"[('s', 2325.6371166803797, 6817),('e', 2326.0851218873859, 'ld'),]";
"1428883647";"'PaC'";"[('s', 2333.9808855502165, 6826),('e', 2334.244947374003, 'ld'),]";
"1428883647";"'PaC'";"[('s', 2372.2199049088517, 6886),('e', 2372.372076832416, 'ld'),]";
"1428883647";"'PaC'";"[('s', 2372.9479543172474, 6887),('e', 2373.2200875132785, 'ld'),]";
"1428883647";"'PaC'";"[('s', 2829.3621259602769, 7412),('e', 2830.2102311506901, 'ld'),]";
"1428883647";"'PaC'";"[('s', 2999.0063932931575, 7660),('e', 2999.3105233177725, 'ld'),]";
"1428883647";"'PaC'";"[('s', 3047.0772912792913, 7726),('e', 3047.6453732229211, 'ld'),]";
"1428883647";"'PaC'";"[('s', 3714.5188441781261, 8400),('e', 3715.1989289202647, 'ld'),]";
"1428883647";"'PaC'";"[('s', 3862.4037187156282, 8521),('e', 3862.7237293383305, 'ld'),]";
"1428883647";"'PaC'";"[('s', 3887.9951663282568, 8549),('e', 3888.3711676590883, 'ld'),]";
"1428883647";"'PaC'";"[('s', 3941.2820058091302, 8598),('e', 3941.7780094663503, 'ld'),]";
"1428883647";"'PaC'";"[('s', 3944.6899291306659, 8601),('e', 3945.049935254543, 'ld'),]";
"1428883647";"'PaC'";"[('s', 3956.7616653010537, 8618),('e', 3957.1536733852549, 'ld'),]";
"1428883647";"'PaC'";"[('s', 3960.7934538665099, 8620),('e', 3961.1455737884389, 'ld'),]";
"1428883647";"'PaC'";"[('s', 3968.4012298215694, 8625),('e', 3968.5533957581033, 'ld'),]";
"1428883647";"'PaC'";"[('s', 3971.6733437735738, 8635),('e', 3971.8572756103777, 'ld'),]";
"1428883647";"'PaC'";"[('s', 3979.92916701591, 8643),('e', 3980.4011639642354, 'ld'),]";
"1428883647";"'PaC'";"[('s', 3983.3210921369764, 8648),('e', 3983.6011046926346, 'ld'),]";
"1428883647";"'PaC'";"[('s', 3983.9209502443564, 8650),('e', 3984.2090106517821, 'ld'),]";
"1428883647";"'PaC'";"[('s', 3987.7047752554322, 8655),('e', 3987.904801085192, 'ld'),]";
"1428883647";"'PaC'";"[('s', 3989.1689894919064, 8658),('e', 3989.784832115115, 'ld'),]";
"1428883647";"'PaC'";"[('s', 3991.3928941646982, 8667),('e', 3991.6169053211015, 'ld'),]";
"1428883647";"'PaC'";"[('s', 3992.4327831822607, 8670),('e', 3992.6410185136087, 'ld'),]";
"1428883647";"'PaC'";"[('s', 3994.5047511362527, 8674),('e', 3994.7448511538719, 'ld'),]";
"1428883647";"'PaC'";"[('s', 4090.3667633429527, 8753),('e', 4090.6227696173605, 'ld'),]";
"1428883647";"'PaC'";"[('s', 4096.2549209113286, 8756),('e', 4096.4625746454394, 'ld'),]";
"1428883647";"'PaC'";"[('s', 4096.7702571172958, 8757),('e', 4097.0625246965001, 'ld'),]";
"1428883647";"'PaC'";"[('s', 4125.0380112282483, 8790),('e', 4125.4460170852744, 'ld'),]";
"1428883647";"'PaC'";"[('s', 4130.0783472920775, 8796),('e', 4130.4538733520703, 'ld'),]";
"1428883647";"'PaC'";"[('s', 4156.6612777691298, 8814),('e', 4157.0132146589876, 'ld'),]";
"1428883647";"'PaC'";"[('s', 4158.1652805265849, 8822),('e', 4158.813284621714, 'ld'),]";
"1428883647";"'PaC'";"[('s', 4159.4610470974021, 8823),('e', 4160.3252535507363, 'ld'),]";
"1428883647";"'PaC'";"[('s', 4161.4211050518561, 8828),('e', 4161.549217238542, 'ld'),]";
"1428883647";"'PaC'";"[('s', 4162.0131363999471, 8829),('e', 4162.3492102251639, 'ld'),]";
"1428883647";"'PaC'";"[('s', 4163.6691348912154, 8836),('e', 4163.7731843475076, 'ld'),]";
"1428883647";"'PaC'";"[('s', 4164.9650353149264, 8839),('e', 4165.5491304266016, 'ld'),]";
"1428883647";"'PaC'";"[('s', 4182.0447055835048, 8846),('e', 4182.4927826348749, 'ld'),]";
"1428883647";"'PaC'";"[('s', 4219.7639343855681, 8850),('e', 4219.9959617480072, 'ld'),]";
"1428883647";"'PaC'";"[('s', 4238.3235446812077, 8866),('e', 4238.8355444006729, 'ld'),]";
"1428883647";"'PaC'";"[('s', 4239.8035167816461, 8869),('e', 4239.9155191525106, 'ld'),]";
"1428883647";"'PaC'";"[('s', 4245.3073959496887, 8877),('e', 4246.0514012216963, 'ld'),]";
"1428883647";"'PaC'";"[('s', 4255.4991648092619, 8886),('e', 4256.1231793012967, 'ld'),]";
"1428883647";"'PaC'";"[('s', 4280.3066428667953, 8895),('e', 4280.9146356378842, 'ld'),]";
"1428883647";"'PaC'";"[('s', 4317.6898273511497, 8922),('e', 4318.6018103069291, 'ld'),]";
"1428883647";"'PaC'";"[('s', 4326.0416346645634, 8936),('e', 4326.6896460296584, 'ld'),]";
"1428883647";"'PaC'";"[('s', 4388.952261985607, 8993),('e', 4389.1522852494963, 'ld'),]";
"1428883647";"'PaC'";"[('s', 4390.6961791627391, 8999),('e', 4390.8081263673948, 'ld'),]";
"1428883647";"'PaC'";"[('s', 4392.9681887693578, 9005),('e', 4393.18419184498, 'ld'),]";
"1428883647";"'PaC'";"[('s', 4420.5115583897968, 9026),('e', 4420.9355958036049, 'ld'),]";
"1428883647";"'PaC'";"[('s', 4421.6874718823392, 9027),('e', 4422.143566422681, 'ld'),]";
"1428883647";"'PaC'";"[('s', 4515.5495311299919, 9181),('e', 4516.1495573018674, 'ld'),]";
"1428883647";"'PaC'";"[('s', 4517.1094873904585, 9185),('e', 4517.381500418237, 'ld'),]";
"1428883647";"'PaC'";"[('s', 4534.956999864864, 9212),('e', 4535.7489920406706, 'ld'),]";
"1428883647";"'PaC'";"[('s', 4538.9008269799533, 9221),('e', 4539.0448313111428, 'ld'),]";
"1428883647";"'PaC'";"[('s', 4539.5412657641191, 9222),('e', 4539.9249974768945, 'ld'),]";
"1428883647";"'PaC'";"[('s', 4541.7249549689786, 9225),('e', 4542.6529480992886, 'ld'),]";
"1428883647";"'PaC'";"[('s', 4546.0928049579452, 9237),('e', 4546.98085604271, 'ld'),]";
"1428883647";"'PaC'";"[('s', 4565.1484565435676, 9286),('e', 4565.644439673827, 'ld'),]";
"1428883647";"'PaC'";"[('s', 4566.6282533095446, 9288),('e', 4566.9724292974479, 'ld'),]";
"1428883647";"'PaC'";"[('s', 4577.8841714890768, 9315),('e', 4578.364161978252, 'ld'),]";
"1428883647";"'PaC'";"[('s', 4613.5393980810713, 9352),('e', 4614.2753922787833, 'ld'),]";
"1428883647";"'PaC'";"[('s', 4650.6904833586213, 9369),('e', 4650.8985976664262, 'ld'),]";
"1428883647";"'PaC'";"[('s', 4652.2104556643299, 9373),('e', 4652.4423658520318, 'ld'),]";
"1428883647";"'PaC'";"[('s', 4652.9864650348873, 9374),('e', 4653.5305590860025, 'ld'),]";
"1428883647";"'PaC'";"[('s', 4658.4583046098423, 9385),('e', 4659.1864224414421, 'ld'),]";
"1428883647";"'PaC'";"[('s', 4660.1302914657444, 9387),('e', 4660.3223883290539, 'ld'),]";
"1428883647";"'PaC'";"[('s', 4685.457656299981, 9431),('e', 4686.1298334579205, 'ld'),]";
"1428883647";"'PaC'";"[('s', 4687.1376170250614, 9434),('e', 4687.2897620069898, 'ld'),]";
"1428883647";"'PaC'";"[('s', 4688.0497748876578, 9436),('e', 4688.1777831566023, 'ld'),]";
"1428883647";"'PaC'";"[('s', 4693.9136499160959, 9443),('e', 4694.2256584450488, 'ld'),]";
"1428883647";"'PaC'";"[('s', 4722.4250077403749, 9524),('e', 4723.2170294236885, 'ld'),]";
"1428883647";"'PaC'";"[('s', 4750.224319916113, 9552),('e', 4750.3444377066598, 'ld'),]";
"1428883647";"'PaC'";"[('s', 4752.2323925712926, 9556),('e', 4752.7363816441066, 'ld'),]";
"1428883647";"'PaC'";"[('s', 4755.4483135390701, 9562),('e', 4755.6483286777047, 'ld'),]";
"1428883647";"'PaC'";"[('s', 4762.7439941532375, 9569),('e', 4763.1041538016789, 'ld'),]";
"1428883647";"'PaC'";"[('s', 4763.6720155081193, 9571),('e', 4764.0562053859321, 'ld'),]";
"1428883647";"'PaC'";"[('s', 4764.6160094047691, 9573),('e', 4764.9600874619609, 'ld'),]";
"1428883647";"'PaC'";"[('s', 4765.8319419189629, 9577),('e', 4766.1921379172318, 'ld'),]";
"1428883647";"'PaC'";"[('s', 4769.7599996236722, 9585),('e', 4770.0560073862853, 'ld'),]";
"1428883647";"'PaC'";"[('s', 4772.8159270403376, 9593),('e', 4772.9999362808912, 'ld'),]";
"1428883647";"'PaC'";"[('s', 4776.9838328797441, 9598),('e', 4777.1757698038136, 'ld'),]";
"1428883647";"'PaC'";"[('s', 4782.5037042612257, 9608),('e', 4783.2077187361547, 'ld'),]";
"1428883647";"'PaC'";"[('s', 4788.2475816673705, 9612),('e', 4788.4636108293407, 'ld'),]";
"1428883647";"'PaC'";"[('s', 4801.2633168661487, 9618),('e', 4801.7673144918635, 'ld'),]";
"1428883647";"'PaC'";"[('s', 4803.1032762740824, 9620),('e', 4803.2552869754718, 'ld'),]";
"1428883647";"'PaC'";"[('s', 4803.7912668898407, 9621),('e', 4804.0950475284681, 'ld'),]";
"1428883647";"'PaC'";"[('s', 4838.8624779121346, 9641),('e', 4839.3665123153214, 'ld'),]";
"1428883647";"'PaC'";"[('s', 4858.8379644438819, 9675),('e', 4859.2860025795544, 'ld'),]";
"1428883647";"'PaC'";"[('s', 4861.8619429282053, 9682),('e', 4862.7018950661741, 'ld'),]";
"1428883647";"'PaC'";"[('s', 4864.7097444906494, 9688),('e', 4865.0298474846777, 'ld'),]";
"1428883647";"'PaC'";"[('s', 4878.4615547120493, 9694),('e', 4879.0536480686696, 'ld'),]";
"1428883647";"'PaC'";"[('s', 4916.2208102333743, 9704),('e', 4916.5728001512152, 'ld'),]";
"1428883647";"'PaC'";"[('s', 4918.7166210226878, 9707),('e', 4919.2367631034713, 'ld'),]";
"1428883647";"'PaC'";"[('s', 4944.0281694055902, 9725),('e', 4944.8202223069911, 'ld'),]";
"1428883647";"'PaC'";"[('s', 4946.2841525871672, 9730),('e', 4946.4841741404762, 'ld'),]";
"1428883647";"'PaC'";"[('s', 4948.5720902604698, 9735),('e', 4949.2681167539349, 'ld'),]";
"1428883647";"'PaC'";"[('s', 4952.6840049641032, 9738),('e', 4953.0760079165648, 'ld'),]";
"1428883647";"'PaC'";"[('s', 4956.0839527058815, 9748),('e', 4956.5319591958223, 'ld'),]";
"1428883647";"'PaC'";"[('s', 5072.4494279820119, 9763),('e', 5072.6814288304595, 'ld'),]";
"1428883647";"'PaC'";"[('s', 5075.0653668253517, 9768),('e', 5075.7613347314473, 'ld'),]";
"1428883647";"'PaC'";"[('s', 5104.3686599486482, 9778),('e', 5104.5047357410322, 'ld'),]";
"1428883647";"'PaC'";"[('s', 5105.8485631982376, 9782),('e', 5106.2725685386686, 'ld'),]";
"1428883647";"'PaC'";"[('s', 5259.9733217926196, 9794),('e', 5260.5333571674164, 'ld'),]";
"1428883647";"'PaC'";"[('s', 5261.5973101983072, 9797),('e', 5261.8053218713067, 'ld'),]";
"1428883647";"'PaC'";"[('s', 5262.4532789254818, 9799),('e', 5263.0612935064664, 'ld'),]";
"1428883647";"'PaC'";"[('s', 5264.2212537012674, 9803),('e', 5264.4212701228371, 'ld'),]";
"1428883647";"'PaC'";"[('s', 5267.2931587914409, 9813),('e', 5267.7892000814236, 'ld'),]";
"1428883647";"'PaC'";"[('s', 5272.4530629647434, 9824),('e', 5273.1330626055214, 'ld'),]";
"1428883647";"'PaC'";"[('s', 5274.276983118285, 9829),('e', 5274.4370395332171, 'ld'),]";
"1428883647";"'PaC'";"[('s', 5274.7813465377121, 9831),('e', 5275.189035780204, 'ld'),]";
"1428883647";"'PaC'";"[('s', 5276.0530074564185, 9833),('e', 5276.2370034399764, 'ld'),]";
"1428883647";"'PaC'";"[('s', 8699.2825976698477, 9858),('e', 8699.8185972558877, 'ld'),]";
"1428883647";"'PaC'";"[('s', 8700.6185928083796, 9860),('e', 8701.0666159764769, 'ld'),]";
"1428883647";"'PaC'";"[('s', 8703.3945175052213, 9865),('e', 8703.5784856918526, 'ld'),]";
"1428883647";"'PaC'";"[('s', 8716.7382042672125, 9873),('e', 8717.11421115743, 'ld'),]";
"1428883647";"'PaC'";"[('s', 8718.0981894364832, 9875),('e', 8718.7141830183864, 'ld'),]";
"1428883647";"'PaC'";"[('s', 8719.1701680816022, 9877),('e', 8720.0901766516072, 'ld'),]";
"1428883647";"'PaC'";"[('s', 8731.3619078613137, 9881),('e', 8732.0979183095369, 'ld'),]";
"1428883647";"'PaC'";"[('s', 8732.6738646452177, 9883),('e', 8733.2738040051518, 'ld'),]";
"1428883647";"'PaC'";"[('s', 8733.6737346411282, 9885),('e', 8734.145852185351, 'ld'),]";
"1428883647";"'PaC'";"[('s', 8760.065282151636, 9900),('e', 8760.4332202354781, 'ld'),]";
"1428883647";"'PaC'";"[('s', 8770.0329004425275, 9905),('e', 8770.281452436464, 'ld'),]";
"1428883647";"'PaC'";"[('s', 8784.9925923328374, 9918),('e', 8785.1848204831713, 'ld'),]";
"1428883647";"'PaC'";"[('s', 8786.9686891140391, 9921),('e', 8787.3687416288485, 'ld'),]";
"1428883647";"'PaC'";"[('s', 21497.804387039276, 9930),('e', 21498.164456454619, 'ld'),]";
"1428883647";"'PaC'";"[('s', 21498.56448887011, 9931),('e', 21499.428422913563, 'ld'),]";
"1428883647";"'PaC'";"[('s', 21500.268310049487, 9940),('e', 21500.836405250113, 'ld'),]";
"1428883647";"'PaC'";"[('s', 21501.53237828795, 9941),('e', 21502.172379006392, 'ld'),]";
"1428883647";"'PaC'";"[('s', 21503.156336330841, 9946),('e', 21503.708367901305, 'ld'),]";
"1428883647";"'PaC'";"[('s', 21504.196325844983, 9950),('e', 21505.132321069043, 'ld'),]";
